{
  "pluginVersion": null,
  "moduleLocation": "/Users/peterragheb/34ML/Android Projects/aroundegypt-android/xmsadapter",
  "app": false,
  "kitNames": [
    "Basement",
    "Map",
    "Analytics",
    "Location"
  ],
  "strategy": [
    "HOrG",
    "G",
    "H"
  ],
  "allFiles": {
    "README.md": "ec1bb6915c4814106e578a3fc1e2e318999e15201819bcbd1d173a2e5f556075",
    "build.gradle": "2270572a5ad6c097358ace1ca7cc652be38c175bb7d2183c317cb7b6a2e286da",
    "scripts/productFlavor.gradle": "2ec60e71a987645052e46d803a30cbfcb0360403de23dadc786fb863a0d2ad71",
    "src/main/AndroidManifest.xml": "f6012308aa708f82da2922c6e0d535c6faa8d55f465c4acfd006b5becc787b5c",
    "src/xmsg/java/org/xms/f/ExtensionApiNotAvailableException.java": "f24574ca9e476169ca91803ae06ba5595da5c812e2d05f78510e4b82714a68cd",
    "src/xmsg/java/org/xms/f/ExtensionException.java": "c71c98b0f5e929b73540709108486a81c6d98e90ec598bbea2896ac261a4a1d3",
    "src/xmsg/java/org/xms/f/analytics/ExtensionAnalytics.java": "d9c32eeeb81fd42e8d541d646c9de21b7f39e0acaaec8458b2c770f52a0f5865",
    "src/xmsg/java/org/xms/g/actions/ItemListIntents.java": "553b9f9ac96bbaa99cceece44b3f0c579f76bd44750e7acbfd8c17204c8c5dac",
    "src/xmsg/java/org/xms/g/actions/NoteIntents.java": "d49f82f38df8d489396c14eee3b6d3c554eea51441827d214992a073cc0891d7",
    "src/xmsg/java/org/xms/g/actions/ReserveIntents.java": "9fd407a1cc6c655d75ce5d23b248d9301ae6a88027911a87b63957c4ea22de2c",
    "src/xmsg/java/org/xms/g/actions/SearchIntents.java": "aea86e6259a061ff7ecb2ce78f59775634d6af611b8602ac0113a2758eb7ac84",
    "src/xmsg/java/org/xms/g/analytics/AnalyticsJobService.java": "820e47b9c783aeb4a38c39218bc615227ad7ef60f827f7b87f323ed176328c08",
    "src/xmsg/java/org/xms/g/analytics/AnalyticsReceiver.java": "08540872628191fcf779c2a6a0d001a765456cd6098eb1356c10ef2ad7e2838d",
    "src/xmsg/java/org/xms/g/analytics/AnalyticsService.java": "1e481d0732f9a7661aef379cd479f33b6e4883f5a31ad13a99c2ea40a3919770",
    "src/xmsg/java/org/xms/g/analytics/CampaignTrackingReceiver.java": "61b0c105f1dc43c1daca1e3155a5466242b24091c64d4395ee6f860865fc4619",
    "src/xmsg/java/org/xms/g/analytics/CampaignTrackingService.java": "dd44b63e0da9c9673857d8b7a96d703ff5e1c500acab84dd3eff16bff3fd0b37",
    "src/xmsg/java/org/xms/g/analytics/ExceptionParser.java": "7b19850100c91ad41dab148bddea37422baeb122970b9030f31b79f9d789ec6f",
    "src/xmsg/java/org/xms/g/analytics/ExceptionReporter.java": "f605ae517e30fb669bbbc67f33fe0f85a88279e10465f2eaf51f18a65064fe32",
    "src/xmsg/java/org/xms/g/analytics/ExtensionAnalytics.java": "3088572656a9bcb38847d5df27cfec1da11b6221be470a054d1318a6e57eb72a",
    "src/xmsg/java/org/xms/g/analytics/HitBuilders.java": "99788f884eb05eb1ce2e3f6e5fa17b82cae596f858d354341feb32c9ef92b6ce",
    "src/xmsg/java/org/xms/g/analytics/Logger.java": "de8d13aa6385feed1861ffa045dd038f71dd580500db173dc3ef349f5582975f",
    "src/xmsg/java/org/xms/g/analytics/StandardExceptionParser.java": "fac6a36ba6422c858e02956ccb373d6e4b9557dc8a6f6203f828387862faa448",
    "src/xmsg/java/org/xms/g/analytics/Tracker.java": "7e34cc3960f0bc15a01f9458d1e2f3635736b28661dde65a25fa7c63c07f50c4",
    "src/xmsg/java/org/xms/g/analytics/ecommerce/Product.java": "ae3ea19718f31c6f92c50cca9045be83c45c723a696bc32d3595ae7a6f76e87f",
    "src/xmsg/java/org/xms/g/analytics/ecommerce/ProductAction.java": "5f6f633106b7a60c8c5c568d0f9212c09b1e676937cdc640e76ddc10cf61e062",
    "src/xmsg/java/org/xms/g/analytics/ecommerce/Promotion.java": "938ee5e534ba37db080cbf7063d8a2cf7e9dc4efa6f4d4655a339441a61b21ba",
    "src/xmsg/java/org/xms/g/common/AccountPicker.java": "ef740f06efb6c28465d913896a883e8e141c6f57aefedc0ad930fc67329dc7f7",
    "src/xmsg/java/org/xms/g/common/ConnectionResult.java": "f3d4b331234f1d93f503fd67b91b9ce0ee80571bd493da73b3d61b166da03094",
    "src/xmsg/java/org/xms/g/common/ErrorDialogFragment.java": "80ffae17d4324bc95f0910d9c0f2e56ad2fd9f123b5dc792f914accb27b0812f",
    "src/xmsg/java/org/xms/g/common/ExtensionApiAvailability.java": "a36d0bc7a914cace60aecf7a0d68c8e331b70c156445bf5a7402deaf4b9ae515",
    "src/xmsg/java/org/xms/g/common/ExtensionPlayServicesNotAvailableException.java": "d919ce7f217f79b9ed9ac1f8afbf7fab5f60732b3de9fb6f566a7db325124e8d",
    "src/xmsg/java/org/xms/g/common/ExtensionPlayServicesRepairableException.java": "182678495d024d00fae614ef2cf61726fe12d7979a71a8ae46621fcd85d8a79d",
    "src/xmsg/java/org/xms/g/common/ExtensionPlayServicesUtil.java": "11dc67d5a860ad53a39c616731395f430f306461c98f7234d03824285db936e4",
    "src/xmsg/java/org/xms/g/common/Scopes.java": "a6e771212833aee03dea64072af4207af95e58b807f20283afd85c9772eecc70",
    "src/xmsg/java/org/xms/g/common/SupportErrorDialogFragment.java": "610caacc2a014838deae8bda1a687da90e8342ab057694a670b1be879ab2f30d",
    "src/xmsg/java/org/xms/g/common/UserRecoverableException.java": "1d8c49b5e6659d04976db7219d513aa31118aa18a4bfaead266e039b17dc3bb6",
    "src/xmsg/java/org/xms/g/common/api/Api.java": "0fdd4930f83be5540d055e083c955bedcc691e72577c894c2c749726de1f3fbd",
    "src/xmsg/java/org/xms/g/common/api/ApiException.java": "29705b3cee8f6dc333d6d2ca469c14536a3fe3a2603cae4661809899b7f4ba3b",
    "src/xmsg/java/org/xms/g/common/api/AvailabilityException.java": "7325a37e5e7e01b5541a5dcac0b00b1eeed3097d781ae08cc8dd75cd36564c06",
    "src/xmsg/java/org/xms/g/common/api/Batch.java": "c9426a0d273334fcbab2fc786226e5256871ccad23c0947e71bb751bf0b3fbf2",
    "src/xmsg/java/org/xms/g/common/api/BatchResult.java": "52f38604efce10a8dba3929a9e4f2e38642ae4f711defe85a0f71773e1ace4ad",
    "src/xmsg/java/org/xms/g/common/api/BatchResultToken.java": "1340e476fba4eba21ad6f761796797004d0e30fe59e6cd73e36e8cfa0b337e59",
    "src/xmsg/java/org/xms/g/common/api/BooleanResult.java": "3d195002de7bd5045440bed8c06ab791cfae8914143e0da62b6932d13140da4c",
    "src/xmsg/java/org/xms/g/common/api/CommonStatusCodes.java": "9525e1dd2be08499d72e35fd599fd925a086919530ad202e290efd75bf6c7dbd",
    "src/xmsg/java/org/xms/g/common/api/ExtensionApi.java": "9639f437057ef0d7859e4ef251e56d1cb239a5083ef7cec5cd6d14ebad6627cd",
    "src/xmsg/java/org/xms/g/common/api/ExtensionApiClient.java": "cc959a60fa19a253b17577ee08d965438a2056412b8b7dd4f9176d9f96f8d838",
    "src/xmsg/java/org/xms/g/common/api/HasApiKey.java": "7a3ab39401e4f588ea0ac632b7f9062224e66c10ed5a4d973f966769250e7034",
    "src/xmsg/java/org/xms/g/common/api/OptionalPendingResult.java": "185df9e33a6e4dde6de026f2e51d68ac09f7a0254fc19d79585b8b9cd99b176f",
    "src/xmsg/java/org/xms/g/common/api/PendingResult.java": "c6c60aa3d67c541c343dfb60a8befd1423bf58339a7cd12d097671ce5b3e235d",
    "src/xmsg/java/org/xms/g/common/api/PendingResults.java": "e33daca45a7f42e8cc57b8b1b92267b1e45e42e303970280483f3aa204ea68ea",
    "src/xmsg/java/org/xms/g/common/api/Releasable.java": "dffdd3f9b6e33b994ee7511300814ae4e75962a9fec151571133ed407d653008",
    "src/xmsg/java/org/xms/g/common/api/ResolvableApiException.java": "110598e6b12d74372c660a40995e4c0770df95f0ce0252e531de759fe4015ded",
    "src/xmsg/java/org/xms/g/common/api/ResolvingResultCallbacks.java": "48b5b976c769cf0c6cd24aa67fc207c92f25ad5920f7081e24172e53f3f987b9",
    "src/xmsg/java/org/xms/g/common/api/Response.java": "97db9b9da9c2ca6a99101e573072b4becb62fba20d413873781f883644acee83",
    "src/xmsg/java/org/xms/g/common/api/Result.java": "5ab86fcd921e70c0b48324fb76ef69cabda6fd237ec79fda4f4c2069c9326278",
    "src/xmsg/java/org/xms/g/common/api/ResultCallback.java": "59024277fd4959dceebcc2cba5b187762bfbd4c4de2fafe285facbe502ba5265",
    "src/xmsg/java/org/xms/g/common/api/ResultCallbacks.java": "7a4d7d5d6e9736f3c2ae1d8c2f3880bf8de0b5894c6908c65fdd43ee4d53c6da",
    "src/xmsg/java/org/xms/g/common/api/ResultTransform.java": "9c51e9e4ae510f7af2be43bc67e4e4422275c8aa2ebd638c5ed3aecdfddb63ea",
    "src/xmsg/java/org/xms/g/common/api/Scope.java": "8e3b0ecfca436fc613d74a2b191fa1c5fd19715c00aba28e9f1e58d183aee197",
    "src/xmsg/java/org/xms/g/common/api/Status.java": "fc09ec5e1904bee15448fc0609814be0702f8723226b93ced59099b65c96ca4a",
    "src/xmsg/java/org/xms/g/common/api/TransformedResult.java": "b6a607db9ad5896c13c48a79638905b81d13384d8216de386691c3912938fcd3",
    "src/xmsg/java/org/xms/g/common/api/UnsupportedApiCallException.java": "ef870554ae5e325dcc92dcc14e969f57039e80f7b11c35a58d6afd8a2c014735",
    "src/xmsg/java/org/xms/g/common/data/AbstractDataBuffer.java": "172450d432999c5a0027834b4aceea04db10cd012c1889ab4dce85de4506c0d6",
    "src/xmsg/java/org/xms/g/common/data/DataBuffer.java": "fdb7fb9d457d0f83a70813214b04ec30c9a21fd7b4f5d22b048f7d1625d2b7c6",
    "src/xmsg/java/org/xms/g/common/data/DataBufferObserver.java": "a76901049eef54be6fcd2c03f4eeb28e588ff18e585efc925e3506e6dcac93b2",
    "src/xmsg/java/org/xms/g/common/data/DataBufferObserverSet.java": "4234245fdb0df982c09e3b3cb32aa122690aae96481a253ad50e00840f772e23",
    "src/xmsg/java/org/xms/g/common/data/DataBufferUtils.java": "90527568de9aa3238cdc7103521a9678da06aa0f585f3bba120e8e7990327630",
    "src/xmsg/java/org/xms/g/common/data/Freezable.java": "83be827c94146509678e6825ace3d7fdc0893a134d0ecb3e7e157ca2d3afb6de",
    "src/xmsg/java/org/xms/g/common/data/FreezableUtils.java": "dc95e2c6baf42e472caa4e7bf68c37a976fabe5d9cf2bb1ff8126ca967b7b3d8",
    "src/xmsg/java/org/xms/g/common/images/ImageManager.java": "e1b1fc8532c5031dfa30099b700ff1394a8703424df5f57f8e67f05810946c3f",
    "src/xmsg/java/org/xms/g/common/images/Size.java": "83fa4a356df4f58e8639e3a5dfd4cf98dd66f4ef522d3df28cb799ce0d8f5a2b",
    "src/xmsg/java/org/xms/g/common/images/WebImage.java": "47acd76f02063477ae347454c6574b0a376b1014f5e711aa18506e4e417a88df",
    "src/xmsg/java/org/xms/g/location/ActivityRecognition.java": "036ff7112323588dd1da02f2184d9fe39c68381dda83a863f65437f9ea5be010",
    "src/xmsg/java/org/xms/g/location/ActivityRecognitionApi.java": "cd53a26172924fe868fcff0f9c3563f74dd3d9f15f42f51b847c490b441db993",
    "src/xmsg/java/org/xms/g/location/ActivityRecognitionClient.java": "72a9e81c31891d7f56a15f178abbfbaca3b40f4a1bfba029bbdcf37adef2ab6c",
    "src/xmsg/java/org/xms/g/location/ActivityRecognitionResult.java": "fe5e323e612b3d742f30502d965e70dd1ae05e55a7d51eddc0c372be5e5447e4",
    "src/xmsg/java/org/xms/g/location/ActivityTransition.java": "164d7d65fcd175a5599b81c04ca2657e42d28081ae2053ca2729d3dcda418577",
    "src/xmsg/java/org/xms/g/location/ActivityTransitionEvent.java": "67ad967a75c5f22148208b9c0e18196852be9e160ef46d046350290cafdc036a",
    "src/xmsg/java/org/xms/g/location/ActivityTransitionRequest.java": "35243769da9ea8e60107e7828f395e839dfa030e13079851f2c01a2d85c6ed0a",
    "src/xmsg/java/org/xms/g/location/ActivityTransitionResult.java": "3ebd71bfa48ce7dbc56967a32f341b4a5f0c9b72a6387264dffd5120e126763d",
    "src/xmsg/java/org/xms/g/location/DetectedActivity.java": "f80a9bc21cc0b6955e3fd8bc35f64279af31b8cfe5502220cea4e69f4221e5f6",
    "src/xmsg/java/org/xms/g/location/FusedLocationProviderApi.java": "3651effd0ec8d05228daa3ee03b3264cb628ebdace5fca24af2861931029a0c1",
    "src/xmsg/java/org/xms/g/location/FusedLocationProviderClient.java": "446310b7f607226fdcf1a98d0316b4239bbf1a9c3b004a032e1dd20b26afb998",
    "src/xmsg/java/org/xms/g/location/Geofence.java": "afbe580b1541bcabdfcc506efc4b86c6e0d3520f3eeb768f6bce3d00b2780b17",
    "src/xmsg/java/org/xms/g/location/GeofenceStatusCodes.java": "d4c481bbbb339360715e0a9d15bd7cb7260ddbeda563ee83db40c1d6b90e568f",
    "src/xmsg/java/org/xms/g/location/GeofencingApi.java": "4c95f80d3f97aae26b44a2288a915331c089b51427b697692894201819b59a15",
    "src/xmsg/java/org/xms/g/location/GeofencingClient.java": "5eb9831b784ed0775636e3f2261bec7a0b62fae194fe89357e37e2d41c9effc7",
    "src/xmsg/java/org/xms/g/location/GeofencingEvent.java": "2a35e65ce77e132175514902fb27784f06f0ef70a29fe10367474df2ba1d5af5",
    "src/xmsg/java/org/xms/g/location/GeofencingRequest.java": "36f59a81d17e071560cadb319c1148198d79ad610ea98a176024c24c46e5dbe7",
    "src/xmsg/java/org/xms/g/location/LocationAvailability.java": "15c32bf8b8e41239387c63cff3f855c9e92ba2657d936d3592d4c969cecf8784",
    "src/xmsg/java/org/xms/g/location/LocationCallback.java": "2cc5a8ba6b83761ab7ad3b7bb18c8edbdc2c0feed45ab67d7c58563202eaf9fe",
    "src/xmsg/java/org/xms/g/location/LocationListener.java": "9bb842964be94657fefc2680232348cdb59e1ed24f621956c404b1fae5a63ef8",
    "src/xmsg/java/org/xms/g/location/LocationRequest.java": "095b9aa05ce0d3c019be421b96dcced045ef95c74da502af7012afb7aac8c557",
    "src/xmsg/java/org/xms/g/location/LocationResult.java": "a74636d4009bc7463862abe4cb0b0765662d6cef98402f32c866bd523c492360",
    "src/xmsg/java/org/xms/g/location/LocationServices.java": "117ad936491e354ecca8d76898d53185487e572932954f8b8cd8781e67744a9e",
    "src/xmsg/java/org/xms/g/location/LocationSettingsRequest.java": "24a99e8afbbc47b898411087fb98ea9aa3fc0183ab83180a95999e952dfaca7e",
    "src/xmsg/java/org/xms/g/location/LocationSettingsResponse.java": "720e89a4fe11acd5e3ea746152e9baf431628e7d12d63020033ec5e3c6a78336",
    "src/xmsg/java/org/xms/g/location/LocationSettingsResult.java": "b162526a390a1c476e7667c31d62250d1b87a3bdbd4420a3f8f74750ddec1a91",
    "src/xmsg/java/org/xms/g/location/LocationSettingsStates.java": "087fa64917eb7c4565fd9bc6ee992a82d56055d73068759915abce2eb15715f8",
    "src/xmsg/java/org/xms/g/location/LocationSettingsStatusCodes.java": "57582dd55bf988cbe8aeae3f91ccdc353e64ce463b4f292a70474f046bda03c1",
    "src/xmsg/java/org/xms/g/location/LocationStatusCodes.java": "91cdce0eaa82ccc0c087f094d4813781c4d1276b209a817d784c5afa2034c740",
    "src/xmsg/java/org/xms/g/location/SettingsApi.java": "d2e0de0b946ba6d35fce8cb5c1dfc2d7c6a68c2451f83a017a120a5ea3b9fe35",
    "src/xmsg/java/org/xms/g/location/SettingsClient.java": "442dcd034ce7096afb72524d4a0a180c836dc7fe8f02f61180d8995a2942b2d8",
    "src/xmsg/java/org/xms/g/maps/CameraUpdate.java": "5400217be13ba0a988e85baac7ce061f1e3a73738dbb5c232393213bee0fd306",
    "src/xmsg/java/org/xms/g/maps/CameraUpdateFactory.java": "259ec9150b6a5c654450042de20228271b30050204adfae543d63e43b79020a2",
    "src/xmsg/java/org/xms/g/maps/ExtensionMap.java": "e4970924c84345c418987fc7be7a1ab8d457c2f04657925aa7b5010a3302d5cb",
    "src/xmsg/java/org/xms/g/maps/ExtensionMapOptions.java": "110c65745d23c8fa26d6d68cefe497587c85c262c5b7a63fcbb2c6c304046da7",
    "src/xmsg/java/org/xms/g/maps/LocationSource.java": "5473dda3cd2e4dd1f727b8c11d1e268cea1713b2aaa3af11d549b39b6684bc97",
    "src/xmsg/java/org/xms/g/maps/MapView.java": "cf23fb44226551d431e8673e5b5ad48cfbb02ef8459321c1a42c85f3d084a09b",
    "src/xmsg/java/org/xms/g/maps/MapsInitializer.java": "1be1ef1757ad233c73401aa715ee957155b6b97f22fe66ecdeba81232e84ffaa",
    "src/xmsg/java/org/xms/g/maps/OnMapReadyCallback.java": "5abc8c8df1c2758e9e2baf87b330dd892cf8c00b5fe3d6ed8b475e528174d08d",
    "src/xmsg/java/org/xms/g/maps/OnStreetViewPanoramaReadyCallback.java": "d33679278e3f362e4ad05995f335e227b7b28563c6ec60d13eb33e71aeefcb57",
    "src/xmsg/java/org/xms/g/maps/Projection.java": "02cf50206bb9ed1f36271596b469f8d20fdf1486d1bf5f3e2b1369f444cf45e4",
    "src/xmsg/java/org/xms/g/maps/StreetViewPanorama.java": "ee978b3eff2238bc6fb3d3f0f939a6ce65a4d55a6f626592283cd6a6fdda85b0",
    "src/xmsg/java/org/xms/g/maps/StreetViewPanoramaOptions.java": "58a29a55d37d227164e09513559f48cf67fe47c1df698292ce5dfde050d539ff",
    "src/xmsg/java/org/xms/g/maps/StreetViewPanoramaView.java": "0e8f2a66bcaff2e944a0058f5d461fadb547fa0cfc5e5da53c224cd0a9c690d8",
    "src/xmsg/java/org/xms/g/maps/UiSettings.java": "a5588c7456b29a93303da12b0f3e2b0e4a50c449519741459bc1412a9b3d577e",
    "src/xmsg/java/org/xms/g/maps/model/BitmapDescriptor.java": "75b57ebecd496bcd990682d07fe31dcb0105815a154fcde65f3846a03ff8a836",
    "src/xmsg/java/org/xms/g/maps/model/BitmapDescriptorFactory.java": "eb40601a6e9c77298a8b4fc9964620bf6bde5607192567782888265bf3bd9869",
    "src/xmsg/java/org/xms/g/maps/model/ButtCap.java": "68e9c22da5fead447d7904f212bfafcc9cd37d38ef7b76f4035154218cdfc5b8",
    "src/xmsg/java/org/xms/g/maps/model/CameraPosition.java": "e377065d05226307248a33ea83a80a3773de39b948486a5e0867bbcc788dc164",
    "src/xmsg/java/org/xms/g/maps/model/Cap.java": "0ae755401186dfc486c871a9fa0a5f113e24e14bd85e1fab59577219e9c3712d",
    "src/xmsg/java/org/xms/g/maps/model/Circle.java": "c7436735f1cdade4fbdcc2d2f162f65f55696d29147cbd63ca2143f3f1c89a9d",
    "src/xmsg/java/org/xms/g/maps/model/CircleOptions.java": "0faaba5f0c295e9553d3524be30551f5481fd664e8bc9b049ef038713ea21fa0",
    "src/xmsg/java/org/xms/g/maps/model/CustomCap.java": "4794ab08a0875e9320f8ad7a249524cf56bd8e1a44832f489e1f18caf0e783c3",
    "src/xmsg/java/org/xms/g/maps/model/Dash.java": "6ba8c44efbf02cd9834bfc5c2fdc76eaebd64f3c009a91d3e376cfd205a5c3e2",
    "src/xmsg/java/org/xms/g/maps/model/Dot.java": "1a330103b7e5c1458787cf9dfb0c78ad925c5f68062184f115bdbcd58692de9f",
    "src/xmsg/java/org/xms/g/maps/model/Gap.java": "696dbf8ed8f5e5e9c3231011e596823471d5ffa2e202a72c4769f8ed514c5367",
    "src/xmsg/java/org/xms/g/maps/model/GroundOverlay.java": "6636deaf20fde86d86bd4399110ba6500254513bfe4b901b2c12b3f2ebcac20f",
    "src/xmsg/java/org/xms/g/maps/model/GroundOverlayOptions.java": "f7a494ef8d85344173d8e9b66bf94323fb2facbc3622c5aa8664cd57925b1b8b",
    "src/xmsg/java/org/xms/g/maps/model/IndoorBuilding.java": "8833db7293d520a592a7e438664d005792dd95f1488afeda469b893fe568810b",
    "src/xmsg/java/org/xms/g/maps/model/IndoorLevel.java": "752b7632bc90831f97258ceea415101b602893902194bc09943d9991bf347fe8",
    "src/xmsg/java/org/xms/g/maps/model/JointType.java": "bad6182d90ea22f8052e2c4a94951b97345d977eb489e5b1fbeb8cb8f1a44d4c",
    "src/xmsg/java/org/xms/g/maps/model/LatLng.java": "25b886c715fb247cafddfc39eb761ca11af7891a4dc777661b69ade4250922a6",
    "src/xmsg/java/org/xms/g/maps/model/LatLngBounds.java": "de5f53b8f2a83dd707dbff1dae2fd98c9d185d9de140828860a2ba4628c2cb1e",
    "src/xmsg/java/org/xms/g/maps/model/MapStyleOptions.java": "855134f2d9ab49a43727a56d65df8ca96385f5bbcb9897922dbe0c92185b2104",
    "src/xmsg/java/org/xms/g/maps/model/Marker.java": "44e0d5585f67bb64d635784573a71e2c873248daab17cce1cc6da24cf0f67ca8",
    "src/xmsg/java/org/xms/g/maps/model/MarkerOptions.java": "e4c66a849c26daaa3eb88586701a2b8749c07cd445acb61b51b8b2fbdd54cd96",
    "src/xmsg/java/org/xms/g/maps/model/PatternItem.java": "070450a000d10949b463565f3eab0dd2f9ff67c7a767ea205917034684b6bbd9",
    "src/xmsg/java/org/xms/g/maps/model/PointOfInterest.java": "ddfa90b22f5051a555c081173f3599d0f73ff9abc50f52638f4369fdd19eefd4",
    "src/xmsg/java/org/xms/g/maps/model/Polygon.java": "37bc4ea8b91acc61b0d5bf8b8c993c04e13b2b9c065e04146eb30407a6c77d42",
    "src/xmsg/java/org/xms/g/maps/model/PolygonOptions.java": "47a38ee3572c6aa932f893a77f814bbfba7c61623f1bc6a3684fbc429b4b8f78",
    "src/xmsg/java/org/xms/g/maps/model/Polyline.java": "46093e632d109ce101256b5051a024dd21569ea31a734411de2e7ee8a675f31d",
    "src/xmsg/java/org/xms/g/maps/model/PolylineOptions.java": "dce5840759ced7a56341e2abf703cb7d19282611cb4185bcf052e8fe61296d0d",
    "src/xmsg/java/org/xms/g/maps/model/RoundCap.java": "292cbc0484e51520f16335e2eb0250835c51f6af711c29ab154d1309720e732a",
    "src/xmsg/java/org/xms/g/maps/model/RuntimeRemoteException.java": "28280343f2ebda8831e1647e2e36be601dcc217296b1dd5343efa10941da1265",
    "src/xmsg/java/org/xms/g/maps/model/SquareCap.java": "1c6e38212afe18e5431b675d708830873314f916f7832f4d135e069c9b38cf6a",
    "src/xmsg/java/org/xms/g/maps/model/StreetViewPanoramaCamera.java": "fd3afd7c3c7b462c4ec49b9f8bae379b32303e10cec671625d3195ce6b6d58be",
    "src/xmsg/java/org/xms/g/maps/model/StreetViewPanoramaLink.java": "bde6e32c0e6b278c24f5c21d7326f83ad22ad87fcd8185b9e8b59a15fe388ed3",
    "src/xmsg/java/org/xms/g/maps/model/StreetViewPanoramaLocation.java": "8b4801f5d743eca488a54697a4ac1cf6740c008ba2fc48efef96e4f1df28a4ae",
    "src/xmsg/java/org/xms/g/maps/model/StreetViewPanoramaOrientation.java": "bf5f73a15d92acfc085b5d7fc9b14a587bf8a1820050b29b7741175962c1722a",
    "src/xmsg/java/org/xms/g/maps/model/StreetViewSource.java": "8813becacc281f7bc88920e0043b4af2e70c3f6face0a551c9730c6c3e953bf1",
    "src/xmsg/java/org/xms/g/maps/model/Tile.java": "691b2eb9ccf1f3e54a2d5064528df64dc340d40e06705320c6d8999104fb3708",
    "src/xmsg/java/org/xms/g/maps/model/TileOverlay.java": "a87043bfd3f319545829454705f89abb4248fbc672a1df15e7ff0f2f0f2384de",
    "src/xmsg/java/org/xms/g/maps/model/TileOverlayOptions.java": "e10a405b53281dc84079f542e368caef8e7c3a45f78620677f1efdfd4164f734",
    "src/xmsg/java/org/xms/g/maps/model/TileProvider.java": "565f365473867ff5d5c2bf3daa228420dd51d2e8e6b56238559fb1db552af155",
    "src/xmsg/java/org/xms/g/maps/model/UrlTileProvider.java": "752b67b14b64085ae01c312f78ac5529d2f8c49113cc88121e85c257b9282921",
    "src/xmsg/java/org/xms/g/maps/model/VisibleRegion.java": "35ff5f1a6b2c1e5c59f30dadc160c9f4c3434e8fb9302e5cc276de8bff2d536e",
    "src/xmsg/java/org/xms/g/measurement/AppMeasurementContentProvider.java": "f6c39834258bbdb4a01372fb9fb6db4e99d85ba8a1f29f4cee5c66b7a58af047",
    "src/xmsg/java/org/xms/g/measurement/AppMeasurementInstallReferrerReceiver.java": "7b4f10e544dd5acfe670b6f6cac353f3f84a2030513037cda454537a80930eda",
    "src/xmsg/java/org/xms/g/measurement/AppMeasurementJobService.java": "915433b66776fdf8129c3ae371dd2e96b6ca0245941a912506726ca7e88b4e3e",
    "src/xmsg/java/org/xms/g/measurement/AppMeasurementReceiver.java": "1fd91a1a0f742d9cbe3e38666d2f367c1217bf46d636939aa321066b81914799",
    "src/xmsg/java/org/xms/g/measurement/AppMeasurementService.java": "0eccc250a71437445cf078f00ef830c02391ba053fdbaf99d152577498708df5",
    "src/xmsg/java/org/xms/g/security/ProviderInstaller.java": "32ade279ce1a846abf44ec3d59be18c9d40eb7560ff967923e6c5cbb3ad7d21e",
    "src/xmsg/java/org/xms/g/tasks/CancellationToken.java": "dca8be549b5c39c9684f99226aff5359ca22eaba37c298ef94b3da0a5cc7fa23",
    "src/xmsg/java/org/xms/g/tasks/CancellationTokenSource.java": "29be81e0ffb606d1b43a7b0c4fdfbdc2dce98c43ee6b95491c6690753b7e101e",
    "src/xmsg/java/org/xms/g/tasks/Continuation.java": "2ee3939aeea406969b70697ff6dc7145c90218ee03430c2362f164b0e57851ab",
    "src/xmsg/java/org/xms/g/tasks/OnCanceledListener.java": "1c833e667a36676c1f387403ff123c8e484edaecb36f4074064b7011ccd4aa86",
    "src/xmsg/java/org/xms/g/tasks/OnCompleteListener.java": "c1fb0babfd3478caf8d3fe281296bc4697788bf273e2b1c3acb768f8ac0e0861",
    "src/xmsg/java/org/xms/g/tasks/OnFailureListener.java": "8f2ecf177d4c658a4df49ee950bd813f35a9113d514e084c6d0d77dbcf8704d9",
    "src/xmsg/java/org/xms/g/tasks/OnSuccessListener.java": "ba7c0a9122ccd8b12e48ad6cffe649b9eab1968c5f53cb9954a8335d6eea2075",
    "src/xmsg/java/org/xms/g/tasks/OnTokenCanceledListener.java": "5793fd32c6012b5a764a72aec311064b5f168891205c7c13a4e19287142a1913",
    "src/xmsg/java/org/xms/g/tasks/RuntimeExecutionException.java": "987a3a747245f87c5185b3f71b5093d30eb3b077278a242a199d97fb152c236e",
    "src/xmsg/java/org/xms/g/tasks/SuccessContinuation.java": "50f132e5ba44ac04a8fa36d1c405544c02998b3aaea88a409839f1469f8732b5",
    "src/xmsg/java/org/xms/g/tasks/Task.java": "56f004d53a552f300124e559ca40526503ae90ca437fbed75ca433b6bf1c0ba2",
    "src/xmsg/java/org/xms/g/tasks/TaskCompletionSource.java": "cdaaa7ac20623ba063be45a12c0f4ce6f2aadec73808b0b07e04ffe817a07b5d",
    "src/xmsg/java/org/xms/g/tasks/TaskExecutors.java": "eb4dd43becffc7014469a9f6ecff225962984b79457f4ccd32d7996ae0c4fb01",
    "src/xmsg/java/org/xms/g/tasks/Tasks.java": "083964ec90902148ef7a5509c9cf0cf70ca55b0546a461072428088bd594b2a6",
    "src/xmsg/java/org/xms/g/utils/BridgeMethodUtils.java": "5152b2c1775c3730c5e19735be43cb74ec98555d02c10deb0baf348d658b0937",
    "src/xmsg/java/org/xms/g/utils/Function.java": "75088211117a22c222761168e86e3fad4c3c8e9bc41d1526fcfe8d06bd23b258",
    "src/xmsg/java/org/xms/g/utils/GlobalEnvSetting.java": "2e715c8c2fda058c93861aa2eab4032af70696c63b02009c1046afd40084b494",
    "src/xmsg/java/org/xms/g/utils/Parameter.java": "8deb429983ed3d06f3d3fc2b55b34a73638d7ea1158cd309eb38201b1524eebd",
    "src/xmsg/java/org/xms/g/utils/TypeNode.java": "aebcf269cb600b4baf8638d2ea096c5af0148e1985e35aafbe25d0c0d7085f26",
    "src/xmsg/java/org/xms/g/utils/Utils.java": "90055eb07cff2af4229f3466f7238ddcecc02116b9753126f544ef475743460e",
    "src/xmsg/java/org/xms/g/utils/XBox.java": "a0a1833d59123d7b8246d4af41931eccdbc202c2ff0ee3c4a96c69e889f71bc5",
    "src/xmsg/java/org/xms/g/utils/XEnum.java": "ad9de66ae489c6c6e97eecf28739b830b79c9ceecae6d435ee0a3b6535cd7b33",
    "src/xmsg/java/org/xms/g/utils/XGettable.java": "d470886da50460c8cd912464ab04073f48da78090a8787911b1b976ee0eb2dd6",
    "src/xmsg/java/org/xms/g/utils/XInterface.java": "14bb0533d9ba2744245f2538a0ab1174e6fcfbf11bc20403b736e76dd472be64",
    "src/xmsg/java/org/xms/g/utils/XObject.java": "1c176311628c4e7d0559606df589832a1104ba9205d96dc8a5a8313ff8e4ac4b",
    "src/xmsg/java/org/xms/g/utils/XmsLog.java": "9478dc3315095bfa413941c7bc3cf29abf8e591e8fecf9c57543532e37458775",
    "src/xmsgh/java/org/xms/f/ExtensionApiNotAvailableException.java": "832e381f24b791f0a81721a17b333fa08721c2c5c6ebd4929f55c9f112e34642",
    "src/xmsgh/java/org/xms/f/ExtensionException.java": "48b36c59dee3b0e5e112e43fbb604f1499e2284b572e67e3fb9837c2526be64b",
    "src/xmsgh/java/org/xms/f/analytics/ExtensionAnalytics.java": "6d01dd1b632de5c55f3f978d9d35949a4656965a467f5656de462edb9332cccc",
    "src/xmsgh/java/org/xms/g/actions/ItemListIntents.java": "760d1c8fbae4cbf6cffd616617a74e9fa1514e48d394f88ea8d091a67286ef53",
    "src/xmsgh/java/org/xms/g/actions/NoteIntents.java": "f349ba7c177ac70d83c958f5f7f2a4d7aee9b1c6c382bfd379dca3a3e0c3c645",
    "src/xmsgh/java/org/xms/g/actions/ReserveIntents.java": "1032e12592307f3db671cd2ae977938fc5340a9651888b18045fcb608fbf1760",
    "src/xmsgh/java/org/xms/g/actions/SearchIntents.java": "1a6223bb0d148b7e0325f607cee76eb24f038a97fbd84c7e682955c8c5e47eba",
    "src/xmsgh/java/org/xms/g/analytics/AnalyticsJobService.java": "336e358cb1142946fc194433e86cb00e38e49936b583d5eb61d7efc11d62a18d",
    "src/xmsgh/java/org/xms/g/analytics/AnalyticsReceiver.java": "25f6a22258f463dbc6e7d9b3d20af852646eee8e820299c8fc81d7bb6eede786",
    "src/xmsgh/java/org/xms/g/analytics/AnalyticsService.java": "daa5a58b8596f7d8f9fc0a1ba3deebf3f79995c0d33ce8f3b4f495bdfeeecb6e",
    "src/xmsgh/java/org/xms/g/analytics/CampaignTrackingReceiver.java": "eb085523af79b70cbb81fc30aca84e6b26a812d59447f8e295c75c2fb3abf721",
    "src/xmsgh/java/org/xms/g/analytics/CampaignTrackingService.java": "7c9bf91d220240b61fc269eb0cacca8b67a6e100e2e3945a66fbb2b89c9a6ac2",
    "src/xmsgh/java/org/xms/g/analytics/ExceptionParser.java": "e3ed5925427542f58e8cfde0a3b73759d2a77edf694786e3ae18a30a6c5d6a17",
    "src/xmsgh/java/org/xms/g/analytics/ExceptionReporter.java": "b51549d47ce3ebd23057d3210dc18ecc3474a80491d428f2679ebf29be2ee736",
    "src/xmsgh/java/org/xms/g/analytics/ExtensionAnalytics.java": "67bfceb8b6c6a7b4fb816400a797f7eb26bd0231975f0e15098b3e9aea63d253",
    "src/xmsgh/java/org/xms/g/analytics/HitBuilders.java": "75b8fe72a0be90f91a04d952661eebb51cd4bd202c777397241f4f07e21f75f2",
    "src/xmsgh/java/org/xms/g/analytics/Logger.java": "a1000020f0b7d20f786fbd7f0291f5f47cb2f320ff4920fa80105dcbce313e73",
    "src/xmsgh/java/org/xms/g/analytics/StandardExceptionParser.java": "dee4b1ad2a32eafe499e9405ee690c1da7411a854a00371757358584b1cbb19c",
    "src/xmsgh/java/org/xms/g/analytics/Tracker.java": "f6985dc5a7215b7abbfba71f6f005a4adff34218ebf0df48e0a1db806955230e",
    "src/xmsgh/java/org/xms/g/analytics/ecommerce/Product.java": "bdd7185a615f5dd965579e017c4ec1499b4285e2987d621523a2334659edc06c",
    "src/xmsgh/java/org/xms/g/analytics/ecommerce/ProductAction.java": "1166f590ba5b9e5c39ebbcaba9fd6db144d9c5df859260de712c6f3460d800bf",
    "src/xmsgh/java/org/xms/g/analytics/ecommerce/Promotion.java": "45f36d8dcb5847fc8b548b5d2373d18226541f081250ff600e32ad63496bb7ec",
    "src/xmsgh/java/org/xms/g/common/AccountPicker.java": "5b15041738f289e8df2a5f5d16b5586dda98d05068a27ac4f4be58f33b462c5b",
    "src/xmsgh/java/org/xms/g/common/ConnectionResult.java": "485c02b42ea1774b9b7ccaa0a879d69ac5bffb64cc70653379bae4cabf748a58",
    "src/xmsgh/java/org/xms/g/common/ErrorDialogFragment.java": "21244e09c06d9d54f58a54baacdd2d75b49846f5f3909252d8ca5cc341f095b8",
    "src/xmsgh/java/org/xms/g/common/ExtensionApiAvailability.java": "40a7d63bb447b0a16b7c233f4d23049127c047930784d600ab0ef505ced64cc9",
    "src/xmsgh/java/org/xms/g/common/ExtensionPlayServicesNotAvailableException.java": "f9d5e28f6a60d4496b066027a8f63692a1c72ae9ef14c8e89589ae7dc3d44113",
    "src/xmsgh/java/org/xms/g/common/ExtensionPlayServicesRepairableException.java": "7e0396e0c8f568861be48815fa73ae4ed02a5459646fdff4c7d782a25841096e",
    "src/xmsgh/java/org/xms/g/common/ExtensionPlayServicesUtil.java": "8a3c75ddf6ed5a0c09d5f1fe2946bf737dbd1f3119f5ef5ee37adba67176828c",
    "src/xmsgh/java/org/xms/g/common/Scopes.java": "83b0c1f3a4825e80ae5c195f9994055d369c291802cba130676a442eceb407aa",
    "src/xmsgh/java/org/xms/g/common/SupportErrorDialogFragment.java": "2861a6aed8538c1c63271ca303c817d9d401274bf955ff3ee609192f09448e0a",
    "src/xmsgh/java/org/xms/g/common/UserRecoverableException.java": "5db857ed567864c5b8c7f7a1af59abb4554e2f3720de06127ea9ebb92902e4af",
    "src/xmsgh/java/org/xms/g/common/api/Api.java": "a1e25d51e5b20b384ce42ccccebae7ecaee9130a708ef1aa189ebd0b6cac88ff",
    "src/xmsgh/java/org/xms/g/common/api/ApiException.java": "615379e6d7ce88c548760299cb32aa3ca24aa3650465bc2189681476f75f3533",
    "src/xmsgh/java/org/xms/g/common/api/AvailabilityException.java": "cb24f322f4f9550279bb58af1e9d04d85814ea228c37bd89ebec90b83dea2198",
    "src/xmsgh/java/org/xms/g/common/api/Batch.java": "fdde17e0a954c14371c4c983c57aed69714e8d21d7aeb46e6b22a9e0b2148fef",
    "src/xmsgh/java/org/xms/g/common/api/BatchResult.java": "b3b7ec857c36cfb7de4224f50693d10f350c9875acfd88262577afc7aaf134ef",
    "src/xmsgh/java/org/xms/g/common/api/BatchResultToken.java": "48b198c15ed2422f823720e89d7b24e95568a274c470e84bb8365311c1e961f0",
    "src/xmsgh/java/org/xms/g/common/api/BooleanResult.java": "e7ab64ba2b586709c3f6089ec9788c65b0c78e281c587868504c4dc5713abc0e",
    "src/xmsgh/java/org/xms/g/common/api/CommonStatusCodes.java": "979f6aafb21e830652e73ecec65b70fbd9134b9ae79ed40e282d40c41b14992f",
    "src/xmsgh/java/org/xms/g/common/api/ExtensionApi.java": "76f21ad97fdc482e40ef8baee26c6f2090ffbd695fd8e5fc8961ddcddccf38e2",
    "src/xmsgh/java/org/xms/g/common/api/ExtensionApiClient.java": "2f64dd824bb1cde30773beca21bac95fef814da099e33f58830da948afee8090",
    "src/xmsgh/java/org/xms/g/common/api/HasApiKey.java": "f8056d85de3e1e436f7251873ec86ba470080be0d775ab2038b9d34a929a1731",
    "src/xmsgh/java/org/xms/g/common/api/OptionalPendingResult.java": "95dab686e6fc17d640fcb49132793445322674b640eb7c903c51451984be11cc",
    "src/xmsgh/java/org/xms/g/common/api/PendingResult.java": "0eaa476d566d86e8d2b81e1f650f314ec5107960706b7d95cf4e592827c70cc6",
    "src/xmsgh/java/org/xms/g/common/api/PendingResults.java": "f2358a7f3165e18b8685d8238ae673eeb4a8315ddd03d1953ec6042f9ceeaae4",
    "src/xmsgh/java/org/xms/g/common/api/Releasable.java": "f86373dd7d4e7fd5e1a33a44762a3b3dcc08833d28793bf8c264886c588b736b",
    "src/xmsgh/java/org/xms/g/common/api/ResolvableApiException.java": "0c583a4597df4e4b7b77681af2a3ea43d31c0c0671b8389d1dbccd1afc3b5af9",
    "src/xmsgh/java/org/xms/g/common/api/ResolvingResultCallbacks.java": "b2569f8386b32a60149cf82fd1f34f7c30204765a4ddde6494831a23d2aa48b3",
    "src/xmsgh/java/org/xms/g/common/api/Response.java": "de70f14299723119cd2ada1206d7a8f8f2168217afd00d5fa09a7de9a168454c",
    "src/xmsgh/java/org/xms/g/common/api/Result.java": "d09fec8f6ba8d487316ba7a42c73206884dfa7dee4be07af7220cdf1f7a79c5d",
    "src/xmsgh/java/org/xms/g/common/api/ResultCallback.java": "d27d0ffbd126cf330bd0e23dcbc85257c8c5acdab04a3dd07e77fe7033f860c8",
    "src/xmsgh/java/org/xms/g/common/api/ResultCallbacks.java": "f05220eeb420381fd56e48662e9df636a2b31efc5dd5eec810d9087893574939",
    "src/xmsgh/java/org/xms/g/common/api/ResultTransform.java": "570a3bad2e12fee93732e083eb19ddd127e1ab4cc8a807a4e20f8703ee1ebf02",
    "src/xmsgh/java/org/xms/g/common/api/Scope.java": "67491c850a005b891a47915421a984977d2e40094648d9a60b9fcdaa8004a438",
    "src/xmsgh/java/org/xms/g/common/api/Status.java": "ad3d0e5b399a692572a499c330743aa58152ba8d49523bffe58ea67baba82c20",
    "src/xmsgh/java/org/xms/g/common/api/TransformedResult.java": "9d1efc457586aac68c97e6c6faadd09de2b64c969721197f04a4fb797a53b154",
    "src/xmsgh/java/org/xms/g/common/api/UnsupportedApiCallException.java": "64348de6af06bf3fd76d9dc5185fa91f6710a1f9f3352e6a461f0622c9d699e0",
    "src/xmsgh/java/org/xms/g/common/data/AbstractDataBuffer.java": "66e5071fe4533886986fb67baf0610d2e37257c819e5be597086e0f89644537c",
    "src/xmsgh/java/org/xms/g/common/data/DataBuffer.java": "ed3f3f788a1fffcf71397259744d3c04c2ba7a0d1f2811b9f693506270518709",
    "src/xmsgh/java/org/xms/g/common/data/DataBufferObserver.java": "bafbd1e3e4b0deabcdb2fc46283f61dd62d6f8c54be1b88bb9e92f4cfc8699f4",
    "src/xmsgh/java/org/xms/g/common/data/DataBufferObserverSet.java": "0f9d800494ff2beece956d17b00f7a4e83df09390460ae902257b7e43936987b",
    "src/xmsgh/java/org/xms/g/common/data/DataBufferUtils.java": "1d320b5a9e6472e2168dafdad0d01fec0fcb6ab22afb7c6382c03b9da3dbada5",
    "src/xmsgh/java/org/xms/g/common/data/Freezable.java": "3f0f4b884419a75362cf3c412ec953df2737d92e10d53938beddf23ec486b596",
    "src/xmsgh/java/org/xms/g/common/data/FreezableUtils.java": "580556e529117cd924a49ba85d2b5fab17bdd362a4259399e8bdaff5f98682dd",
    "src/xmsgh/java/org/xms/g/common/images/ImageManager.java": "2fb1c275696312cfc6d8fe1cc2ac2e7e566bdd7757610d39a9a497da6cc91ed0",
    "src/xmsgh/java/org/xms/g/common/images/Size.java": "23d3609bcc6fdde5bcedf7e5ac559421119e40e5a38c84f9b2a14b28dee07f52",
    "src/xmsgh/java/org/xms/g/common/images/WebImage.java": "2438189a49be4e3e5b454cf31ae3514b7b5dc3f881d1c565446547ee045aefdd",
    "src/xmsgh/java/org/xms/g/location/ActivityRecognition.java": "8ac4894e4312e7caa69928e23996e37cbbc6702abf0fcc092fb6fd43adb86db7",
    "src/xmsgh/java/org/xms/g/location/ActivityRecognitionApi.java": "e3a5c298be6f5951413aa791833f298fdc59adeb46a237c3e1fa9f0239af7108",
    "src/xmsgh/java/org/xms/g/location/ActivityRecognitionClient.java": "3147a287e7892d3342fbaabce6e03bccaf8692955f38877b51bb62d4b8fd84ec",
    "src/xmsgh/java/org/xms/g/location/ActivityRecognitionResult.java": "37a024cf8ae1181a222571ef01b706807e04812f91245c4d278837a07ce203ee",
    "src/xmsgh/java/org/xms/g/location/ActivityTransition.java": "cefcf2ca5c18f687e69f666cd21a6b0d3e70a53f50dcac856642c79d01afea87",
    "src/xmsgh/java/org/xms/g/location/ActivityTransitionEvent.java": "94c30727f06dd6ff84862edeed454c99154f2744f2e6e567cbd591ed64e060b9",
    "src/xmsgh/java/org/xms/g/location/ActivityTransitionRequest.java": "a0cc488ce809a5ea942678ec9b5aeb08be0c03fa0a28dfb0806362fe43cc5251",
    "src/xmsgh/java/org/xms/g/location/ActivityTransitionResult.java": "906e7c6e2f90481de13702a3a8610bed5989b922b9ff984cf52f8a66e0665cc8",
    "src/xmsgh/java/org/xms/g/location/DetectedActivity.java": "f8d5d9d7be75ff5681275aa668b104e43eaa2f3097c97f8c5101844075160838",
    "src/xmsgh/java/org/xms/g/location/FusedLocationProviderApi.java": "c59835a9f37dc24a13d50d4587005dfb7528f8b1223ac1675d35232a8dce2953",
    "src/xmsgh/java/org/xms/g/location/FusedLocationProviderClient.java": "1f4a7529420f30fc846bc22ed8ef18eda115c37ac22a9906bba61b7f6d849fd5",
    "src/xmsgh/java/org/xms/g/location/Geofence.java": "6819e88449803f0def7770c0c603fed17eb4c88704a64b9f1a2a3b0034297f61",
    "src/xmsgh/java/org/xms/g/location/GeofenceStatusCodes.java": "f8c289a44de4844f021b89e86c5320309c1b089c9dc441f4277a0fb7533737a3",
    "src/xmsgh/java/org/xms/g/location/GeofencingApi.java": "44a2fd484a74c997d3412a0bf919549fa28e9db88a0042113d17ed71e21d0c75",
    "src/xmsgh/java/org/xms/g/location/GeofencingClient.java": "b32edbf1153ecd3e1906f7257e1832f5c87ab95147971d4b9491e36c5d6c910b",
    "src/xmsgh/java/org/xms/g/location/GeofencingEvent.java": "7b3a3b574a2daed1cb485755d2f71edcbd9e0a110c11ea7f2bd48f8b64e4acab",
    "src/xmsgh/java/org/xms/g/location/GeofencingRequest.java": "20730bbadb85f9c4aa2f143d08d6b5012a925db43865fe092d57b46b58e999bd",
    "src/xmsgh/java/org/xms/g/location/LocationAvailability.java": "e8f5537b8ed0851b14a69e740f604f94b2a3dc73725692effa96eef3d28011d4",
    "src/xmsgh/java/org/xms/g/location/LocationCallback.java": "cf8ea349a0ccb1a6ccea2a441ee73deab73c250310cc886fcbd556b2cdd87939",
    "src/xmsgh/java/org/xms/g/location/LocationListener.java": "4e5dac8c8c21231c16e0d58b891a12a61b706fd2eefa291cc3e920192008c537",
    "src/xmsgh/java/org/xms/g/location/LocationRequest.java": "9adc6b87082f3718afa8ef3a1602ee75937eb9a39a8aee86af5e13f95b0559d5",
    "src/xmsgh/java/org/xms/g/location/LocationResult.java": "22d73b6c714bafcbe34a34f28b393b9e7285f0a111c8b551f48e115f9d627401",
    "src/xmsgh/java/org/xms/g/location/LocationServices.java": "de05645b7b495178fd594f4096c724aa1ad11ea32188a886e9c9e8041cb0420a",
    "src/xmsgh/java/org/xms/g/location/LocationSettingsRequest.java": "02be28c604bcdb7001fa1686cb2e0abe21de383c7cd8ba21e15ae826560922d9",
    "src/xmsgh/java/org/xms/g/location/LocationSettingsResponse.java": "73ca875789681e1c188d07148ca19d85ada263683eaf1cffb2218543773ab3f2",
    "src/xmsgh/java/org/xms/g/location/LocationSettingsResult.java": "6c11714601259e987c1bb4f24d20e34b64000b3e3e6d36f2fbe67b139d7d9a4e",
    "src/xmsgh/java/org/xms/g/location/LocationSettingsStates.java": "cc065f2d178b5bd0c428d31efb17d5870a7b8ff821f634b540b430774ae63b1d",
    "src/xmsgh/java/org/xms/g/location/LocationSettingsStatusCodes.java": "b8e5e9dfebc975574e9df5a37171bb8c82c2fd7d7e27ab0e6626f97449f7d5d7",
    "src/xmsgh/java/org/xms/g/location/LocationStatusCodes.java": "867c6b809c25abac40158de3756946272fae028784fc4e61b30774702a3229f6",
    "src/xmsgh/java/org/xms/g/location/SettingsApi.java": "3cc63f9cf3ef14c23de7ae0b91ef0eb4e6da9044430335307c3ea8c92a9e5a0f",
    "src/xmsgh/java/org/xms/g/location/SettingsClient.java": "4c7ec9b047703fc225751f76587b8d4f43cc048b7d4127a8a777299abc0ea5c1",
    "src/xmsgh/java/org/xms/g/maps/CameraUpdate.java": "a62c4ea5f163f65b06de21a11af52c9126e068418049438a4f71adfa15bbc5b0",
    "src/xmsgh/java/org/xms/g/maps/CameraUpdateFactory.java": "baa347b52d7bbe3a08024dd8b8518bd88337d0b2e98a6e9f6332869b8ef52662",
    "src/xmsgh/java/org/xms/g/maps/ExtensionMap.java": "17428504c6396b981156ef59489268fa230f5c3a7ce1d06bf04e58182c1d7afa",
    "src/xmsgh/java/org/xms/g/maps/ExtensionMapOptions.java": "bdfcefd9389e9048cdf28d98e2d5d7ba567e8b4f9e349081590041ac4f98a042",
    "src/xmsgh/java/org/xms/g/maps/LocationSource.java": "88d0d99417ea1b5d1f3a9feeb2242de4b1ee9b4520514e3cf760224d1457f18e",
    "src/xmsgh/java/org/xms/g/maps/MapView.java": "f199c03c5e270e3859ff1d83186e5ebeed774e0d9753a33c3997bd8a9d0af676",
    "src/xmsgh/java/org/xms/g/maps/MapsInitializer.java": "95d0fb26ace5de03c5a2fe27caaaa13e2bf6d8ce6cc1aa4b733ae32fb18a6f28",
    "src/xmsgh/java/org/xms/g/maps/OnMapReadyCallback.java": "51cf696b24742deb0cade6df79f96d80fb62b0c0f236b5ae3ef70c8e8ee4701c",
    "src/xmsgh/java/org/xms/g/maps/OnStreetViewPanoramaReadyCallback.java": "2f365be149bf9407bb8257ba2b14665adff421a0d147a21c889b2d475393d518",
    "src/xmsgh/java/org/xms/g/maps/Projection.java": "effafd25ebff5ee49297114072f8780d05c876f398b169d8f620561de512a13d",
    "src/xmsgh/java/org/xms/g/maps/StreetViewPanorama.java": "9c0ff19dbb91ad8bfcd82f1fb1bb35561fc65ba99a774dd2f9d17fd838b0d6ba",
    "src/xmsgh/java/org/xms/g/maps/StreetViewPanoramaOptions.java": "85f6fb2483ed42cc76b7fb5c9488e3b975c6b693d127b447c3f2478fb1b9c5d8",
    "src/xmsgh/java/org/xms/g/maps/StreetViewPanoramaView.java": "c89ba58f143fd28d2377f0921de77d2e8b777a5f541af1b61d6ff4b493258a9f",
    "src/xmsgh/java/org/xms/g/maps/UiSettings.java": "537fe5c90d1d4bb7abde3b15c10372148c101cb6c3144e3ff24d1e0c0d2ec4bd",
    "src/xmsgh/java/org/xms/g/maps/model/BitmapDescriptor.java": "b98c660de400bc7ed795f76410c5986dc43b398a47f389da89d670101279a094",
    "src/xmsgh/java/org/xms/g/maps/model/BitmapDescriptorFactory.java": "e6c2862bbe0516382b6df5964142e50f30ce874b37cfb2cc4692c770f0e1d9d4",
    "src/xmsgh/java/org/xms/g/maps/model/ButtCap.java": "c443f568905a23b72c5c38d930ac0d081cdd5b70a568ae2f6a23c71c731ea37a",
    "src/xmsgh/java/org/xms/g/maps/model/CameraPosition.java": "f9fd176539cc9ed70a5a85b501bbdc52fc4ee7fe0fd2a807f42b3662f31474f0",
    "src/xmsgh/java/org/xms/g/maps/model/Cap.java": "921e4b568ec5846f1f03bf5dee73fef46c508539340b8d3f2578762666e75189",
    "src/xmsgh/java/org/xms/g/maps/model/Circle.java": "95e0ca78bfa945c6c5a04591302846fed4d0ed234a66750efba379d80fc6a1b8",
    "src/xmsgh/java/org/xms/g/maps/model/CircleOptions.java": "92e7e1f4029e047ed44a790db9448fd7f39bb52544b5fdd72600f6c082c75f86",
    "src/xmsgh/java/org/xms/g/maps/model/CustomCap.java": "ca6fbe9718aa56e6ba16ac187fbce434b7ec8d1612d46c7550483f054329cb99",
    "src/xmsgh/java/org/xms/g/maps/model/Dash.java": "a655bce56864a032ea56d9ff9671bf27880a29bf06ba666331bca1dca8a985b6",
    "src/xmsgh/java/org/xms/g/maps/model/Dot.java": "cea9e4ae87e6daf832f14614a3cd0a19c9d72f42e9e107f216d856b39221238c",
    "src/xmsgh/java/org/xms/g/maps/model/Gap.java": "1764f6040318b76658176793cea04fecd6a863f5c00024d41f55b3691a1d6a0b",
    "src/xmsgh/java/org/xms/g/maps/model/GroundOverlay.java": "f08d879614126a56e37cb8a11a627c294354287545fb0e17062e8696d4619bf5",
    "src/xmsgh/java/org/xms/g/maps/model/GroundOverlayOptions.java": "e91592967a1f9ee748a6e698c8efbb604bb26924aafcdbd78f98d28a5f4c2f82",
    "src/xmsgh/java/org/xms/g/maps/model/IndoorBuilding.java": "b5aeb74c2090425447b7c4eafb60ae1e1013ef08fa2f4078baeb5bddbfbcee25",
    "src/xmsgh/java/org/xms/g/maps/model/IndoorLevel.java": "dea6940de0db802161fb441f1208f49735f3e762ee4cc7847e0e6a983c70739b",
    "src/xmsgh/java/org/xms/g/maps/model/JointType.java": "730fa238f0503b83a23b141d1f9138ebc78f5a21bb757ae7dfda4bd082314cd8",
    "src/xmsgh/java/org/xms/g/maps/model/LatLng.java": "d9e00e93679ce203a8c97d3045c045b849690c8625cd33cb7c4303cc075dadfb",
    "src/xmsgh/java/org/xms/g/maps/model/LatLngBounds.java": "75ffbc89dc5f1439b8105992216c7bc482d3016af6f29761c074f2f50265845a",
    "src/xmsgh/java/org/xms/g/maps/model/MapStyleOptions.java": "f59e75aac7c298d7dc881ebc9b1ede81224af8b9d1ba7d32dcc2007d1a05549c",
    "src/xmsgh/java/org/xms/g/maps/model/Marker.java": "049729f6cd88bd08bdd18cd027b54129aae86d9e0f69b9db371f210cf27a3528",
    "src/xmsgh/java/org/xms/g/maps/model/MarkerOptions.java": "63e638c50b2750abc7611c7219737a244b43f975a82ff3e35cb0e339ba26d512",
    "src/xmsgh/java/org/xms/g/maps/model/PatternItem.java": "32133a4416d97ad1846077d95ce83214fdf171ee605bf1ddf5e29a593a9baeb6",
    "src/xmsgh/java/org/xms/g/maps/model/PointOfInterest.java": "a5efcc8849056d62ed74d4edefd5450d36b1afd011f5f7da9e19c1963ef79407",
    "src/xmsgh/java/org/xms/g/maps/model/Polygon.java": "7578915191174d584650a3cb8c7df69a800e9df31c84079a6173a66ba724c445",
    "src/xmsgh/java/org/xms/g/maps/model/PolygonOptions.java": "59cbf9502520cfe339a0e0a90e374d62b9f1778341fe27c81bad624ead777bdf",
    "src/xmsgh/java/org/xms/g/maps/model/Polyline.java": "9b210c132b7acf44a804f5b315dd2cf2ad4ddee338e3763bc6bdac5d8698a1df",
    "src/xmsgh/java/org/xms/g/maps/model/PolylineOptions.java": "f00d32643dfe9d166ed7dd8c7d627cb99a661f06f7fd3473628cd813adc98a32",
    "src/xmsgh/java/org/xms/g/maps/model/RoundCap.java": "2c4a9020e67ac9ff889530bb051ca9c98d2daa46b09b773c02d16e13f1151cb4",
    "src/xmsgh/java/org/xms/g/maps/model/RuntimeRemoteException.java": "999a1675f41a0406fc6400f288610261c7ab2fb796f00e2422380e5ccef96d33",
    "src/xmsgh/java/org/xms/g/maps/model/SquareCap.java": "a6dd4ce0fe42092037e90779caf418cee446ba14fafa059ef42c147baf109498",
    "src/xmsgh/java/org/xms/g/maps/model/StreetViewPanoramaCamera.java": "5b458e1dc04fd5ba36ae74cfaa210a93393ee7bdc4ea842126adca9524701d1a",
    "src/xmsgh/java/org/xms/g/maps/model/StreetViewPanoramaLink.java": "a2a363c7827e217920a9584679cd0655ef6f1734e2d49df039818af13403797d",
    "src/xmsgh/java/org/xms/g/maps/model/StreetViewPanoramaLocation.java": "f81087f25ded7f02644e6110803f024423a9fbaf97151907f7c2e7df34eb7599",
    "src/xmsgh/java/org/xms/g/maps/model/StreetViewPanoramaOrientation.java": "00fe4ed28dc92eb8855aec15241982cf8c5968e6f5163ab506af6cea34d01ffe",
    "src/xmsgh/java/org/xms/g/maps/model/StreetViewSource.java": "9647587512fa4eb2bb3d3bddc2798979f900ee323c61f869d9a78d577b27940e",
    "src/xmsgh/java/org/xms/g/maps/model/Tile.java": "bc65a42841d656e6ce361bb34e14589bec9e9e44f9d49d9500c5f67fbae11b2a",
    "src/xmsgh/java/org/xms/g/maps/model/TileOverlay.java": "6978aa944b31a32ad0d5eca439f80251af9dcb0d5d975c5a71104ff36dca720d",
    "src/xmsgh/java/org/xms/g/maps/model/TileOverlayOptions.java": "4e024b7e26bf357c6d2b8802894d4aa478899f1a52c03001111f9676d269ebe1",
    "src/xmsgh/java/org/xms/g/maps/model/TileProvider.java": "6eb0c2f94e924896b0fa93d9259ee817b8e04b6949f26d3b2a48a9dd8249fec7",
    "src/xmsgh/java/org/xms/g/maps/model/UrlTileProvider.java": "8eb017a5a301fc8bc5150f6b1d3451c281be6cdf60201c417cc4202e93b9312b",
    "src/xmsgh/java/org/xms/g/maps/model/VisibleRegion.java": "3474933b75dba237cbd4337dac3bbc5e380dae72e333e7fc69a9dffa390105c4",
    "src/xmsgh/java/org/xms/g/measurement/AppMeasurementContentProvider.java": "9af6c26d57894f35c587b26db024b97797e27ea81236cb9a801947524e01977e",
    "src/xmsgh/java/org/xms/g/measurement/AppMeasurementInstallReferrerReceiver.java": "4c3fdbee3e889ae2db15ba1fab804d2e7b21c63ba3c88e81c0ed626864e3149e",
    "src/xmsgh/java/org/xms/g/measurement/AppMeasurementJobService.java": "d3f8d84723d976a267460bf084adeec45e7350feef6ba58d046261494c66759f",
    "src/xmsgh/java/org/xms/g/measurement/AppMeasurementReceiver.java": "78b6b6c14ad698e741873f3423c3e0d0d884d34b331f5b7c618ba9039e2e208d",
    "src/xmsgh/java/org/xms/g/measurement/AppMeasurementService.java": "2c2776912232d198d59fd6ca6ee3b1b743043effbe36bb00fd54931fd4ce526a",
    "src/xmsgh/java/org/xms/g/security/ProviderInstaller.java": "0aa02933625efa6b3f656dec893ddea6b017c2026b01555b86fad746b09a60ae",
    "src/xmsgh/java/org/xms/g/tasks/CancellationToken.java": "c9166c2973cf8f0ea7e77a84e8173760dbbd6be181ff600302a51a50f9836eeb",
    "src/xmsgh/java/org/xms/g/tasks/CancellationTokenSource.java": "a016e21b05111a50283abca1890a055cc7b00e0b98c32ce9502af1eb55f8c054",
    "src/xmsgh/java/org/xms/g/tasks/Continuation.java": "85d9feac5182b8864d378922fedbd9dc2effe3110ae775c5b6f9acd5e6f3d8d7",
    "src/xmsgh/java/org/xms/g/tasks/OnCanceledListener.java": "f820a980bd6228ecf83e42a2b1f6216e02dbb648dfc4aaed9b8cb3abcbcd9b70",
    "src/xmsgh/java/org/xms/g/tasks/OnCompleteListener.java": "d9acdd74b76d1f361405e15bf302d07ba9aff158547be98f8bf3791ffa3e94cc",
    "src/xmsgh/java/org/xms/g/tasks/OnFailureListener.java": "db1e94be919c5d1aaf5e2f7e687ea2c1da4d85e4bea15973833b73fb8266efec",
    "src/xmsgh/java/org/xms/g/tasks/OnSuccessListener.java": "8508e7c32306c689b1e2c41202a932bee45d304a8d469bb50be0b6bf67d1367e",
    "src/xmsgh/java/org/xms/g/tasks/OnTokenCanceledListener.java": "5cc1f65990c919792e4e658d277bb9ff109f33988727c8e5a46133cdc2e1a189",
    "src/xmsgh/java/org/xms/g/tasks/RuntimeExecutionException.java": "dae6f750829775b7f8dd801abbae5a905f0a830bb4776ed6b3d697a05b20dcc0",
    "src/xmsgh/java/org/xms/g/tasks/SuccessContinuation.java": "9419a3e391bdd3f66bac54209b132a165590c4873506027a994d8de956eda424",
    "src/xmsgh/java/org/xms/g/tasks/Task.java": "022e4b8782c06df86a3e28879ed873e5806a896487fcaf04bfd93bedf667f301",
    "src/xmsgh/java/org/xms/g/tasks/TaskCompletionSource.java": "03a01587ebe458e1c903d995e8cab1571a3034206bdfb05ed2b0ceaa7fbb03e0",
    "src/xmsgh/java/org/xms/g/tasks/TaskExecutors.java": "ac73813d5c6fe707eb73cf59dd86b7fb0ec932288dcda9ca9d057a5ca4a67851",
    "src/xmsgh/java/org/xms/g/tasks/Tasks.java": "1790061b8cf401b1ab5e48419db8eed91f995bbbb4e536efb8880f3327aef781",
    "src/xmsgh/java/org/xms/g/utils/BridgeMethodUtils.java": "5152b2c1775c3730c5e19735be43cb74ec98555d02c10deb0baf348d658b0937",
    "src/xmsgh/java/org/xms/g/utils/Function.java": "75088211117a22c222761168e86e3fad4c3c8e9bc41d1526fcfe8d06bd23b258",
    "src/xmsgh/java/org/xms/g/utils/GlobalEnvSetting.java": "77f519ff1355af6d18e185f7fcdb7d128821d445f7dd9051658f8ffa404858b8",
    "src/xmsgh/java/org/xms/g/utils/Parameter.java": "8deb429983ed3d06f3d3fc2b55b34a73638d7ea1158cd309eb38201b1524eebd",
    "src/xmsgh/java/org/xms/g/utils/TypeNode.java": "aebcf269cb600b4baf8638d2ea096c5af0148e1985e35aafbe25d0c0d7085f26",
    "src/xmsgh/java/org/xms/g/utils/Utils.java": "613ce3ed5d4453d6b5469152444dd866e2e9b8170afbf3c394a40fd4ccd1a50b",
    "src/xmsgh/java/org/xms/g/utils/XBox.java": "fea5064bc268de75ff69e562f1506223b988193da046c82fbecdca0104fa022d",
    "src/xmsgh/java/org/xms/g/utils/XEnum.java": "d79169cd3796054f66bf1017022ff66da99f85f6f0a46873acf334d89a769ce4",
    "src/xmsgh/java/org/xms/g/utils/XGettable.java": "6a6cee5bbd8f9be1e967c1c182f114af1865a9579a762838adbf6dafd94910fa",
    "src/xmsgh/java/org/xms/g/utils/XInterface.java": "14bb0533d9ba2744245f2538a0ab1174e6fcfbf11bc20403b736e76dd472be64",
    "src/xmsgh/java/org/xms/g/utils/XObject.java": "3633e46a51aa141ba1d72cbb14ab0d6489cce20d7c676eda02eb4ca7b9011773",
    "src/xmsgh/java/org/xms/g/utils/XmsLog.java": "9478dc3315095bfa413941c7bc3cf29abf8e591e8fecf9c57543532e37458775",
    "src/xmsh/java/org/xms/f/ExtensionApiNotAvailableException.java": "2ce6500200de4c3449122ce5c549974ae1e0fdb719bc9400c9b6197d6cb23ee3",
    "src/xmsh/java/org/xms/f/ExtensionException.java": "df63762e6f2f2ceaa241d2d190efb7c3d1505263399c5aed861dcaf2836fe4fa",
    "src/xmsh/java/org/xms/f/analytics/ExtensionAnalytics.java": "0ea62dfe10aafdb64b130c668131d41722fd450442f1a0946e42039a47f24a0c",
    "src/xmsh/java/org/xms/g/actions/ItemListIntents.java": "4064f7c51b313674cd650be0b0559853f0b90ee88205ed90aec6731478804267",
    "src/xmsh/java/org/xms/g/actions/NoteIntents.java": "e5b006c347b18a962ca75587030d7288703bdecc25d1e940b9163f6af46537b2",
    "src/xmsh/java/org/xms/g/actions/ReserveIntents.java": "a8d19899f5fc332e72cd822296e7207634c14fe84b4a5b17a73a9380813782aa",
    "src/xmsh/java/org/xms/g/actions/SearchIntents.java": "385575efbb1061dd9ea6535963e058e92e7c8cf45024adb03d447117f515cd7f",
    "src/xmsh/java/org/xms/g/analytics/AnalyticsJobService.java": "9a2eeaed2a542ad7733a9e6b2b306315983e63d7820880682caf501129bbd1f1",
    "src/xmsh/java/org/xms/g/analytics/AnalyticsReceiver.java": "97c4791b368150c554dfecea639d745363e8b75f1ae966dc51f32781be611563",
    "src/xmsh/java/org/xms/g/analytics/AnalyticsService.java": "035db05e2c532be3954a7812891f412e7d2e6e360df4f4fdbfd501d909c29274",
    "src/xmsh/java/org/xms/g/analytics/CampaignTrackingReceiver.java": "cc428fe59d1de5fe2be889308608698f38ecc69ed42d3cebf42db5189b4c942e",
    "src/xmsh/java/org/xms/g/analytics/CampaignTrackingService.java": "f702facd6649b0a8a6c61c3966ad5eb87e8484182847195d0978400b8259b51f",
    "src/xmsh/java/org/xms/g/analytics/ExceptionParser.java": "6cf15dec87ab023c813828314a1cef3880d960f4717544a5725ad346ca8414c6",
    "src/xmsh/java/org/xms/g/analytics/ExceptionReporter.java": "ad10565ab9ffa8dc9182b014a60ac1412e6c8dbd740722532430e3e33157f9a8",
    "src/xmsh/java/org/xms/g/analytics/ExtensionAnalytics.java": "a5bebf0ea0b69fd45b2e4fd7f03175350006b80e9c3d125163c3b6f2e13b6565",
    "src/xmsh/java/org/xms/g/analytics/HitBuilders.java": "9cb8fba3b8d9c18ac111604eb97787b32525afc6835d6986f552bbb9c17209e0",
    "src/xmsh/java/org/xms/g/analytics/Logger.java": "4f87a5072ce4e03b4d255d93e9ec814dc9bdfc7e0f3e477a0f8e7c17dbf3b8ce",
    "src/xmsh/java/org/xms/g/analytics/StandardExceptionParser.java": "34755b442fc1bf260eaeafd9293cf9655dd4e44d21ddf9364190873fd715e43e",
    "src/xmsh/java/org/xms/g/analytics/Tracker.java": "5343f426edfd9a3e5492ffb87c2f712a3e9b0801581f5c09c26fe69295bc1ecc",
    "src/xmsh/java/org/xms/g/analytics/ecommerce/Product.java": "3cd50567a70ff0faf811e370008b2b344623c55c68526232ec0f672488b841e1",
    "src/xmsh/java/org/xms/g/analytics/ecommerce/ProductAction.java": "ce797c68ab04bd31664f978154edff33376f66e5299ebb908478fe8c601f22b9",
    "src/xmsh/java/org/xms/g/analytics/ecommerce/Promotion.java": "f5aef1ccddb9e2c82c62aabfbcab99d4a1fd4151806d2a2bf644c27e37d2a55f",
    "src/xmsh/java/org/xms/g/common/AccountPicker.java": "417b16aa09f213e63cc77674b1df05540f015a29e23bf88e4675b802ac8aaf18",
    "src/xmsh/java/org/xms/g/common/ConnectionResult.java": "18caedd76990c56a80c5215d14cee2244eceeb4c70037d101235cb26ed4bd8c1",
    "src/xmsh/java/org/xms/g/common/ErrorDialogFragment.java": "3bc924cabe0b6d1dd438c05cb62dcc706609b70bdf309cb56efe912c75614673",
    "src/xmsh/java/org/xms/g/common/ExtensionApiAvailability.java": "af0099d6a7c463d7cca20c419be40ccd5de4eaa7b1a1ed01f7657ce801b9d293",
    "src/xmsh/java/org/xms/g/common/ExtensionPlayServicesNotAvailableException.java": "5056c0aed117236531f777fa5887975f934e9f1cbec121fbcb4740d25530053a",
    "src/xmsh/java/org/xms/g/common/ExtensionPlayServicesRepairableException.java": "0074301d7e37d094c5902fd1d2440c85395d722d825b5aac54af25b1cfff80ad",
    "src/xmsh/java/org/xms/g/common/ExtensionPlayServicesUtil.java": "57e1e62486db664fbd070feb79e22c96e7404d919cd15fdfd5ee3329e2d7f43b",
    "src/xmsh/java/org/xms/g/common/Scopes.java": "4f1b64146263be598d89556aba2a35cd705154ca0c27e312506a6db84133c13e",
    "src/xmsh/java/org/xms/g/common/SupportErrorDialogFragment.java": "a2239de17ad2df4c2bfee4662368468f2f581dad1fb51328d25b95624f2eb2e3",
    "src/xmsh/java/org/xms/g/common/UserRecoverableException.java": "5d010f55c8e517a9143b3b12f346ec765e428762dcb120724503432506ad242d",
    "src/xmsh/java/org/xms/g/common/api/Api.java": "ea61d8ba9a85d4a4469fc019055e1d7d4718b5b4100c263c7475808a2e57ec95",
    "src/xmsh/java/org/xms/g/common/api/ApiException.java": "da1a7390b0fe97c4441f8087f61a7255463a8c8e1d25635234f2aba7f50cc4b4",
    "src/xmsh/java/org/xms/g/common/api/AvailabilityException.java": "0a43a2b1b7d26081163437f476302c64d3d86fc9e5f949d8fd49ebb86cad1940",
    "src/xmsh/java/org/xms/g/common/api/Batch.java": "632b2b412b444bc2b6f4ae2f2eafefa6ade29e22faff41f665a7afa56a64d22b",
    "src/xmsh/java/org/xms/g/common/api/BatchResult.java": "da5065d19d0eba9250ea85072d7c2e35c6e6cf189bfcd1f0ec239327e60d90bf",
    "src/xmsh/java/org/xms/g/common/api/BatchResultToken.java": "a79a43fb0be9ff2ec845afb6a5c9787275d36028f90846ff557efad2d8c50342",
    "src/xmsh/java/org/xms/g/common/api/BooleanResult.java": "1412b116764e50ad150d46cb475548f522ab6254b690aca4c1a49bc984c1c721",
    "src/xmsh/java/org/xms/g/common/api/CommonStatusCodes.java": "4a117ab0c932259b3ef6d63a447e76e42f77f1a76d72ddf30a0458cf390da7af",
    "src/xmsh/java/org/xms/g/common/api/ExtensionApi.java": "f6469b2e1422b378b53fe3cb764fa3ef5f720aa465ee9a916ceeec005162eb03",
    "src/xmsh/java/org/xms/g/common/api/ExtensionApiClient.java": "8edfc6479a852f840985770d25fd0564f556a72c3b1270cd327ecc468b26e962",
    "src/xmsh/java/org/xms/g/common/api/HasApiKey.java": "734cc551dfaaf279a5ccc04fdbfbf6fd38f9068b049170042b64b1408858c95e",
    "src/xmsh/java/org/xms/g/common/api/OptionalPendingResult.java": "a7dec4110920cd35e72bacce6fabc3c8e3fa7f5c7fc0db6177eb7c14b9efbbf3",
    "src/xmsh/java/org/xms/g/common/api/PendingResult.java": "d833b2b4ab545a0fcc2cc58646988835ff28e1eed0476123d61a58501c1bd413",
    "src/xmsh/java/org/xms/g/common/api/PendingResults.java": "83ff824d0f5dc11fd3b1c57e9180c3c8bd335677f05925df4eaaa5a3fa36e17e",
    "src/xmsh/java/org/xms/g/common/api/Releasable.java": "1cfd6424a27b19b29da5adbff4d40a4599a6b34fff26e1c3934916cf3bc3e81c",
    "src/xmsh/java/org/xms/g/common/api/ResolvableApiException.java": "f380b87ef28e66bbb18fe9dc97200fd069471a653f28dc26eea1a24ec4837814",
    "src/xmsh/java/org/xms/g/common/api/ResolvingResultCallbacks.java": "4be7dad770f654fc45890e1b8b5dec13b58e8ad7ad652aa505865b39976f3bda",
    "src/xmsh/java/org/xms/g/common/api/Response.java": "298bf1fe5e16f3c388e1277858a421f264a3fd1dcacf59c21466f18bd28a7967",
    "src/xmsh/java/org/xms/g/common/api/Result.java": "9dbf38de16e5898761a45b6009613b5dd76cd1fd24c0fa5e089e2d6c0bdd197e",
    "src/xmsh/java/org/xms/g/common/api/ResultCallback.java": "aad27503f062427a3406136461616d4b64dec718fd08904437a6733bf01b06d6",
    "src/xmsh/java/org/xms/g/common/api/ResultCallbacks.java": "f85ac6bb12ac40e1a2c5fad7ae5961282e655aa6a52a996bbee35eb0630e48cc",
    "src/xmsh/java/org/xms/g/common/api/ResultTransform.java": "77708a3dfff919ee8a79c90a142f602bdce2618f21ae1c302968c54ef2ce4572",
    "src/xmsh/java/org/xms/g/common/api/Scope.java": "54e90a598261e8a927a88438bc18f1621bc0d94687c1b6cdfe6d7fa2f71b76ee",
    "src/xmsh/java/org/xms/g/common/api/Status.java": "d4c4141fe18d2970fbbdb3731daf6197502b2ea6414460345ed332f9220ddd18",
    "src/xmsh/java/org/xms/g/common/api/TransformedResult.java": "806312f942d2b11150031554546c9d5cf74a65caf006476b1eb5d74e40b324af",
    "src/xmsh/java/org/xms/g/common/api/UnsupportedApiCallException.java": "d21e8795816b7f5d9ab0fcfc6d3b9007c02e38dc4b50ce15e4cbd80dc569aded",
    "src/xmsh/java/org/xms/g/common/data/AbstractDataBuffer.java": "e5bfab8ff5a5747b51fab97951eb45fb6ee737924c287d75165aa256835758c7",
    "src/xmsh/java/org/xms/g/common/data/DataBuffer.java": "cd00370714af154b945ff0e01b681e541bed9afa5ea3a1cef5f638c23ee87094",
    "src/xmsh/java/org/xms/g/common/data/DataBufferObserver.java": "4e2e2497cf93b6b37d355579221372f8a03b31d26ba5b85ab3a25a2d0e123987",
    "src/xmsh/java/org/xms/g/common/data/DataBufferObserverSet.java": "ebaea084faad96130e70c46acc480a6a9b9fd95e7439a0a1ca999ebbf4b07ea2",
    "src/xmsh/java/org/xms/g/common/data/DataBufferUtils.java": "30b5b488da019efe518003b6b5d1763722b27cf79043abe7d15f14209792c9bf",
    "src/xmsh/java/org/xms/g/common/data/Freezable.java": "a092d00052af5ce656652e05bbd64a403be28cbdc328f5aaf36cc19d9d2ca8de",
    "src/xmsh/java/org/xms/g/common/data/FreezableUtils.java": "26b68dc222c6b84fedfd89e643715c4e1de74c4ca9fe1ff5c8a8ebfbbc202274",
    "src/xmsh/java/org/xms/g/common/images/ImageManager.java": "d914dd28dcec46d3c33356e1e725b2e4b60a6cfb9af98b96ec899fbc777c76e3",
    "src/xmsh/java/org/xms/g/common/images/Size.java": "741219970f222913bf8c657fe4c3a4f8033130a538336fd9a808a4b30f55409e",
    "src/xmsh/java/org/xms/g/common/images/WebImage.java": "67f03d1320cf8831047b5781d3b5c40d9b68cdcee1f8cd52d988fa5bcffbdcaa",
    "src/xmsh/java/org/xms/g/location/ActivityRecognition.java": "deab42970f8357cbf99c179c70adbe5426167263c2fd3705a1e3ef5ac9e9c664",
    "src/xmsh/java/org/xms/g/location/ActivityRecognitionApi.java": "fe09f0e21c7c919c3ff677b8020a67ea9733208d6857444326b79de30a70c663",
    "src/xmsh/java/org/xms/g/location/ActivityRecognitionClient.java": "1ecf43377c67a588cdf0622017d93d14058ba1c1f329c90e9ff155f4bdce6f93",
    "src/xmsh/java/org/xms/g/location/ActivityRecognitionResult.java": "3b379479604ba398ba5eea514b5a1226af29488a8b35a027bc34125625af6671",
    "src/xmsh/java/org/xms/g/location/ActivityTransition.java": "55f8bc4954aa78896391892593f2e93d888caac3d188fe6681d61d7fcbc73b95",
    "src/xmsh/java/org/xms/g/location/ActivityTransitionEvent.java": "391d606bf3891ff0bc7cedbcb9709c55ec997b140f90cac6590efdb298f7d4bd",
    "src/xmsh/java/org/xms/g/location/ActivityTransitionRequest.java": "01f9c579b417f7c3f7fd2c7e2e7ea12d9fb13a7770b69e54d3d95eed2ba7fa77",
    "src/xmsh/java/org/xms/g/location/ActivityTransitionResult.java": "32674e47277738ef3bd6aa137e625984940b494efaffd57692a4db3b1b8206fb",
    "src/xmsh/java/org/xms/g/location/DetectedActivity.java": "c32fe6675a4084dc3fc6bddb882715077af18602ec13004d385d919507dabd93",
    "src/xmsh/java/org/xms/g/location/FusedLocationProviderApi.java": "e9a8981019a2e24117f006a188fed4ec6da52fc985480b025603f8382c843543",
    "src/xmsh/java/org/xms/g/location/FusedLocationProviderClient.java": "d2e97e29eac4f51a4667bb9558edd8b00faf427dda65ab8843abfccb0a928062",
    "src/xmsh/java/org/xms/g/location/Geofence.java": "5f2fc6fa302a8f02a4dea0dfd83844327a4153950bd52b38735801edd809dfcc",
    "src/xmsh/java/org/xms/g/location/GeofenceStatusCodes.java": "a8759b102b08263b907d440257ea6fb1ec38c68231da9f01d051b51995e00330",
    "src/xmsh/java/org/xms/g/location/GeofencingApi.java": "02eabc5398aa89fab7681591c46151c1ff45974bce91e08c52bb82de90a81f73",
    "src/xmsh/java/org/xms/g/location/GeofencingClient.java": "a2ae372a1eb7c0ea6491e46c2a6479e9424912fafa9cb4c459a205c2bd771583",
    "src/xmsh/java/org/xms/g/location/GeofencingEvent.java": "7c64ee1fc3db8d017bd28888e28ea5995611480949a1f4acd5b044ee3d479a9d",
    "src/xmsh/java/org/xms/g/location/GeofencingRequest.java": "a4ded54cfa694ba74128426b92cb96f766931c944e384bd3632259fe6edcc405",
    "src/xmsh/java/org/xms/g/location/LocationAvailability.java": "bfefd73d0bc3ea632ffcad191e678ba421c6c754711aef1a4aa1cf918bcb1928",
    "src/xmsh/java/org/xms/g/location/LocationCallback.java": "0fc0ffef2c425f07f2e1ba29d4ff399f68547a6299be0c80060c4668fc15c04c",
    "src/xmsh/java/org/xms/g/location/LocationListener.java": "a8c940cd8b49e8ff81c815ddcd670acad13e7b344f2025917d35a5a7d47b8f4b",
    "src/xmsh/java/org/xms/g/location/LocationRequest.java": "cab2517bea5c1b784cc2f49e2d40e31c181527e50a3bb954a7119f0fdc674e0e",
    "src/xmsh/java/org/xms/g/location/LocationResult.java": "643b2551a8fcd252e4c82f4f2545f3f836749f8d021b8c4c0b3618083acadf17",
    "src/xmsh/java/org/xms/g/location/LocationServices.java": "781461a19550dbd20920e6955d1b37294ca180e686e91d4146110dc6e3f2199a",
    "src/xmsh/java/org/xms/g/location/LocationSettingsRequest.java": "e6384d12451a9691aee983a31c00544d63c4fbf0c221a508a40b2a5ea6cca2d1",
    "src/xmsh/java/org/xms/g/location/LocationSettingsResponse.java": "ae14a964dab168ae52ef545172608e56ca53ee9d4dd7bb3d9a61bb9b5ca3eb12",
    "src/xmsh/java/org/xms/g/location/LocationSettingsResult.java": "4bcff38c11bdb76cb3bc03120940373df1670c787ffca4cab4f060389cf38b1c",
    "src/xmsh/java/org/xms/g/location/LocationSettingsStates.java": "7050d485d1442b31fe8bba214df4d7acfba121af483d2ea369cfded857f7cc16",
    "src/xmsh/java/org/xms/g/location/LocationSettingsStatusCodes.java": "81ebc5c43d928bf1fa47e0aead362692339b9644992f57e94f43bb0c479471e3",
    "src/xmsh/java/org/xms/g/location/LocationStatusCodes.java": "921fef180ab9629a6a5b344df96fe485fa1a83a74113763d05dcacab2a7b8fa7",
    "src/xmsh/java/org/xms/g/location/SettingsApi.java": "872121d0c4cb63efbc11cc8955f0cd2ac00d2d24bef79e2f1403800b5eb4f05c",
    "src/xmsh/java/org/xms/g/location/SettingsClient.java": "36b5ba547d738c28d74bbe0eddd39c02160af555e4c5d5971d4b1a7d0cb10464",
    "src/xmsh/java/org/xms/g/maps/CameraUpdate.java": "4d83d27d577dd48672fb4ba38efba7a4ca2df5f3cbf9c9bc4f18605491ec5d19",
    "src/xmsh/java/org/xms/g/maps/CameraUpdateFactory.java": "4af03c8d73fe9f8ae3a78203c43c33d4ae1852392e2979065abd1e1bf279a168",
    "src/xmsh/java/org/xms/g/maps/ExtensionMap.java": "332671a27c58ed139ab374bdef72dfc5aa2b469ecf2c9cb30a838d634a828150",
    "src/xmsh/java/org/xms/g/maps/ExtensionMapOptions.java": "c046d7dcd219093f2c588e44e8fdc36c421398dc6b1b75c5b5deb146bf89cb9b",
    "src/xmsh/java/org/xms/g/maps/LocationSource.java": "f2cca86c9ee80e62d70932b869b6d2bb30130aa0a84ea8510fc2ef88081979d4",
    "src/xmsh/java/org/xms/g/maps/MapView.java": "f0cb4665a3d83feddd1ed468b5a7762f9cc7213ece3817b3974b7fc016b7f5a2",
    "src/xmsh/java/org/xms/g/maps/MapsInitializer.java": "43ff1d9293a92803ae9825a7c09d256520cfd853c1cdce2692de5d81bc676d8c",
    "src/xmsh/java/org/xms/g/maps/OnMapReadyCallback.java": "86c54dc8d504713ef6a4b9d6cb5d8f98ee8b827121f1b11310d70c94cab3d125",
    "src/xmsh/java/org/xms/g/maps/OnStreetViewPanoramaReadyCallback.java": "25de82c911492b29a50428344116a106bd4ae0e097ddb96c6effdf35f5d9c9a3",
    "src/xmsh/java/org/xms/g/maps/Projection.java": "fcaa5080f0a9b74503fe0f96b561641778b378e7bddd57d92cf898910207e136",
    "src/xmsh/java/org/xms/g/maps/StreetViewPanorama.java": "ca46f01dc23394ef6e6c27e7313e9023fd5d838900090ed08edfdc0a7697b057",
    "src/xmsh/java/org/xms/g/maps/StreetViewPanoramaOptions.java": "a08a19d69cd50b30383cd1f7fe0fa17c6e408b452dc912b90f850b8884a79b83",
    "src/xmsh/java/org/xms/g/maps/StreetViewPanoramaView.java": "03db6a217f2637083b24908de36dbec7db81860ad70762cf3ddc75e1c928becf",
    "src/xmsh/java/org/xms/g/maps/UiSettings.java": "8f78f959e6dc17825cdb95c80e5d0933b04ee5434ebf457aaf50e5c88059074c",
    "src/xmsh/java/org/xms/g/maps/model/BitmapDescriptor.java": "0b9efb0b7073e9f8b6830becf9e0b1216947022090a913b0f635fe00a202ec14",
    "src/xmsh/java/org/xms/g/maps/model/BitmapDescriptorFactory.java": "a1cc698f6f490ef3a5a027217668558bbb3b0f162122fffd3668e67214e2d75f",
    "src/xmsh/java/org/xms/g/maps/model/ButtCap.java": "2492db1c36bd122d8deca7e69707028131f7278967ef12ce9635cc2e640d4990",
    "src/xmsh/java/org/xms/g/maps/model/CameraPosition.java": "6f05a4ca54ed6374ca5bd72f7f275905a92727a5df6dac0909b074c6fcc557ee",
    "src/xmsh/java/org/xms/g/maps/model/Cap.java": "91d7a3f3845209eeedf23b9dc85810bdf3b51473eb32fe75ade1d60da12df6a3",
    "src/xmsh/java/org/xms/g/maps/model/Circle.java": "0a64747d0939cee09aca69270127da139351c7974b49b34b3c47fecce0967af0",
    "src/xmsh/java/org/xms/g/maps/model/CircleOptions.java": "774bb313dbdee58e1bd0a14433655e3e717365796cf7ec7a4a856f53ebafc46f",
    "src/xmsh/java/org/xms/g/maps/model/CustomCap.java": "b59088374086b579f1ea5135ee38e59b61591da134f350252c646fc5b985e109",
    "src/xmsh/java/org/xms/g/maps/model/Dash.java": "430faa394ed089c215741a49e3fbaf90dd880587be69bc105c0e8e2c341d740e",
    "src/xmsh/java/org/xms/g/maps/model/Dot.java": "dd0a6bff417e6760369ee41dba3e74327780588167ac1e4eca566447d52089c2",
    "src/xmsh/java/org/xms/g/maps/model/Gap.java": "c2e9ca553b28f0e06ee35bcdc485d708f01746e013d262f3c44c3455d2da55d4",
    "src/xmsh/java/org/xms/g/maps/model/GroundOverlay.java": "2c3ab0f706b0d71682a5eb37239bcbeb879b485c4b7b577e83a05e6c48810c4a",
    "src/xmsh/java/org/xms/g/maps/model/GroundOverlayOptions.java": "f7c58e429fafc6aca6543eee42e85cfd14e0f9177d0d289bba2c277d64ec76d7",
    "src/xmsh/java/org/xms/g/maps/model/IndoorBuilding.java": "6223fb83426a0c9ecfa2c68ec50d828c0e1be8fc18a9baeed7e476e05afe5945",
    "src/xmsh/java/org/xms/g/maps/model/IndoorLevel.java": "e8b1677c2797c1d926596cfaa120d0831c29da66013ec581fd537938b56fed56",
    "src/xmsh/java/org/xms/g/maps/model/JointType.java": "98d4fc84f4b8e2b30128067884690ea5affe6c3722fd49a270ccf6ea94aa87dd",
    "src/xmsh/java/org/xms/g/maps/model/LatLng.java": "616d673e8fdce76c27d1db679a27784adc17a1a9223b86606df72ec5aa029046",
    "src/xmsh/java/org/xms/g/maps/model/LatLngBounds.java": "7951d82830673ff12b52330ff7b8cac3117fa7414391ca54903041e43fd6b478",
    "src/xmsh/java/org/xms/g/maps/model/MapStyleOptions.java": "81bef011eda94fa79985fa0b99f8cd3c023d86e2e23deb1c93514bbe80b68cb5",
    "src/xmsh/java/org/xms/g/maps/model/Marker.java": "baed4e18e2e5a81f0405796a475ab70a38baab32be752a07afde809776488e82",
    "src/xmsh/java/org/xms/g/maps/model/MarkerOptions.java": "8e14ee47342089fc786711519a0e46160aa6875af85344d72b688ed62b0f53d5",
    "src/xmsh/java/org/xms/g/maps/model/PatternItem.java": "9a6b47a1d7a5cb19fb74077e173e6b2b7cf14be61112ed545c40051bbfd7f195",
    "src/xmsh/java/org/xms/g/maps/model/PointOfInterest.java": "f8fff7dd5cfc8d987f245e4ad1becab6b57706e17f942a391ff2cb80f3a2aaae",
    "src/xmsh/java/org/xms/g/maps/model/Polygon.java": "7927eb6edb76c492b77aedc6184e406d434b34fbfeb4b56fa30f8ffbe98ed1d6",
    "src/xmsh/java/org/xms/g/maps/model/PolygonOptions.java": "b8f8753b12c005975e5dfd01ca6e0f94a3269beadfce7caee00ea4b2c0ffd8cb",
    "src/xmsh/java/org/xms/g/maps/model/Polyline.java": "944f21a99b4c424e0a4672804bab9b210f4bd9fd83d87ced6c601df7a9bbc132",
    "src/xmsh/java/org/xms/g/maps/model/PolylineOptions.java": "7a4825a91bcacea9fa197c2e6df96a9ffcd1721a0d2644cbc5fa686b9cff7137",
    "src/xmsh/java/org/xms/g/maps/model/RoundCap.java": "cbd701336e7c8793df209d29776208d454138dfa7ff49692cf3c284866457825",
    "src/xmsh/java/org/xms/g/maps/model/RuntimeRemoteException.java": "80384491643e6f07c3656f978bd4943cc72f48f75caf1b19d80e212eb04883a9",
    "src/xmsh/java/org/xms/g/maps/model/SquareCap.java": "c3ef1c3fbfe70310ff1d6b0381feb8b5a2f3e8c709673fe9cb9ece591e615c63",
    "src/xmsh/java/org/xms/g/maps/model/StreetViewPanoramaCamera.java": "4689a92dabb37975a05980299a452ddafe21c3e5ab5345d42927247e795d56ed",
    "src/xmsh/java/org/xms/g/maps/model/StreetViewPanoramaLink.java": "4cbc8fbd6c80da1cb69f3fc2985aee98c06e2ab17b85b6fdd2309cdd0cddc513",
    "src/xmsh/java/org/xms/g/maps/model/StreetViewPanoramaLocation.java": "60180f8429a49a219228bfffe99400229488c6b046facd8ee0cd251540832937",
    "src/xmsh/java/org/xms/g/maps/model/StreetViewPanoramaOrientation.java": "df3cde25e3c5d8f7cfe29774cd5ab9f7e9e540e064ab84809f4c35ee44a5a372",
    "src/xmsh/java/org/xms/g/maps/model/StreetViewSource.java": "fcb4f2ab8e69cbb0f4be9eace679ce9334aa4eb7087dd6487c6b933f936a3787",
    "src/xmsh/java/org/xms/g/maps/model/Tile.java": "6eedb26cce0387780681da8d76f1ec51f25cb8ac74e31280cdafaf1c0ab8c358",
    "src/xmsh/java/org/xms/g/maps/model/TileOverlay.java": "19f7db74c6c8578eb3a2119e0ae07a240172a071f607f35b83f422f723315ff9",
    "src/xmsh/java/org/xms/g/maps/model/TileOverlayOptions.java": "6a163d73057232af484f244275b6b058698d7637d2251d1979307f4329d2558d",
    "src/xmsh/java/org/xms/g/maps/model/TileProvider.java": "6cbf92de3a7404cdad7184b0b0210a2abe5b211d5bd7c83b9129f16102197c5e",
    "src/xmsh/java/org/xms/g/maps/model/UrlTileProvider.java": "2081c4eee28ca5f944a1fc87088712f2fa33260aaa3bdafb453863b239e7cf77",
    "src/xmsh/java/org/xms/g/maps/model/VisibleRegion.java": "947f648385cbd54d27249b8e4cb2c6019ba1ecc0499db2a7d3589f89a87ebe6f",
    "src/xmsh/java/org/xms/g/measurement/AppMeasurementContentProvider.java": "2a2f5e0e0643df5dc75ebf6d476f8ced50d521136ca2f58d2294ee30a0aa84d4",
    "src/xmsh/java/org/xms/g/measurement/AppMeasurementInstallReferrerReceiver.java": "d581ca5705814f1808179da183f3efe65fec386e314b2a6a75d7f8f3d0bf3a60",
    "src/xmsh/java/org/xms/g/measurement/AppMeasurementJobService.java": "bf5e51cb68bfb80a56ec99335fe7f749078bc81b879516e6e6809f5f18d56cc4",
    "src/xmsh/java/org/xms/g/measurement/AppMeasurementReceiver.java": "86b7084393758af3f84cb4f4a5bfcc705af7f65754b538d773efe43d18b199c5",
    "src/xmsh/java/org/xms/g/measurement/AppMeasurementService.java": "668ab9b16eb01b3e7f31cc43a70fa5ee5679b1a9c3dfa0b1a6d4622fdbf4f3c1",
    "src/xmsh/java/org/xms/g/security/ProviderInstaller.java": "2eee1b78d932c5d89dc5c56cdc71ce7bd9f9fbd196f8efd70535e918c380a9b2",
    "src/xmsh/java/org/xms/g/tasks/CancellationToken.java": "696e9b716e54cfb8be7da3218eb5b954917758af59720fbfd2bfb00d01e9b844",
    "src/xmsh/java/org/xms/g/tasks/CancellationTokenSource.java": "03910619e5185640600be7d8ddcfa7a3356ce35787f1aaedda0efae0b8e9b300",
    "src/xmsh/java/org/xms/g/tasks/Continuation.java": "579a7d8651bce1e766a478201df058a6fd973a97c5bb9fa9aa8e2c846a6ba8b8",
    "src/xmsh/java/org/xms/g/tasks/OnCanceledListener.java": "38c89ce01128b8a4dc3745ac56c682352c98c0e90fd199f07a276b3f10831c8f",
    "src/xmsh/java/org/xms/g/tasks/OnCompleteListener.java": "772a353af4689a6191c8c9d8446356f13a4762c82a8c27ff6f5938006b51fa61",
    "src/xmsh/java/org/xms/g/tasks/OnFailureListener.java": "949f1f0fe31c16f88f2948d2e8d55f2305e4dffdeda0eb47e52eb2f443ced3cc",
    "src/xmsh/java/org/xms/g/tasks/OnSuccessListener.java": "ed9fdce8c120de937881eca2e9198d3537bb1e063cff5004ee4d2e8b0fbf9d03",
    "src/xmsh/java/org/xms/g/tasks/OnTokenCanceledListener.java": "caf3b2bba66fb0c13cc02315502790d7416a7244225ddec6e3a7373c53d07f98",
    "src/xmsh/java/org/xms/g/tasks/RuntimeExecutionException.java": "ff629f748a43fca1de690778cb632589a3380225bc1279659ec0dc2d65ece2bc",
    "src/xmsh/java/org/xms/g/tasks/SuccessContinuation.java": "9bc722189bb89da9254713b122f8368efd486529a7b122ac090f591b4696c542",
    "src/xmsh/java/org/xms/g/tasks/Task.java": "c176dd68184aec339b62ca833a0421d5bb1cc94a71e36e33e633024f1ebdf746",
    "src/xmsh/java/org/xms/g/tasks/TaskCompletionSource.java": "8294f0845f5756737a24c201ae8b8ad2815d796a607754d53a08b94cdf18ed08",
    "src/xmsh/java/org/xms/g/tasks/TaskExecutors.java": "9c981ba681a2b3cd9309ca4d26eb7cb938a8994d48b41260f53b22760e936af1",
    "src/xmsh/java/org/xms/g/tasks/Tasks.java": "96b19dfbac105231902aba1c6f8171b5b7292ff0176dacb3baf2f6ca3a3df784",
    "src/xmsh/java/org/xms/g/utils/BridgeMethodUtils.java": "5152b2c1775c3730c5e19735be43cb74ec98555d02c10deb0baf348d658b0937",
    "src/xmsh/java/org/xms/g/utils/Function.java": "75088211117a22c222761168e86e3fad4c3c8e9bc41d1526fcfe8d06bd23b258",
    "src/xmsh/java/org/xms/g/utils/GlobalEnvSetting.java": "e09079399cc75aec4c3518b44cc33f122701dd926cc543bed5c9bac4fd3260bf",
    "src/xmsh/java/org/xms/g/utils/Parameter.java": "8deb429983ed3d06f3d3fc2b55b34a73638d7ea1158cd309eb38201b1524eebd",
    "src/xmsh/java/org/xms/g/utils/TypeNode.java": "aebcf269cb600b4baf8638d2ea096c5af0148e1985e35aafbe25d0c0d7085f26",
    "src/xmsh/java/org/xms/g/utils/Utils.java": "780a0039d49657599b568021803695d91560f4cd0c5d355eece50f0c7a671bab",
    "src/xmsh/java/org/xms/g/utils/XBox.java": "0de46e37a5fe84e7dd9638e7a504b9c2c464a931a3e7166e4910eb02839d7d3d",
    "src/xmsh/java/org/xms/g/utils/XEnum.java": "6d19c1bd22c43555537347e6206968bcb5379c675025a07de5ebcff95c31f252",
    "src/xmsh/java/org/xms/g/utils/XGettable.java": "e700dc16c5b2abe3756b271c6b80fd31c3c7700948349a26ab5eb01409bf03e2",
    "src/xmsh/java/org/xms/g/utils/XInterface.java": "14bb0533d9ba2744245f2538a0ab1174e6fcfbf11bc20403b736e76dd472be64",
    "src/xmsh/java/org/xms/g/utils/XObject.java": "a59842538b92bb8df5a5fe564bf99935c754ab7dd077cde6e8c40ddb58736f18",
    "src/xmsh/java/org/xms/g/utils/XmsLog.java": "9478dc3315095bfa413941c7bc3cf29abf8e591e8fecf9c57543532e37458775",
    "xmsaux/build.gradle": "9b0ff1bda022b87986eb04231ae65cb8aecf53dcf980463ba308e1b2bb8dafb1",
    "xmsaux/proguard.txt": "69370afd9fcc32e430cd6d6b4a458db0882b8b0d7d96f65c77535c172739a988",
    "xmsaux/scripts/copy-dex.gradle": "37c90f6186a3f8b0b4e92f6fd28332401e13f453c2167a2fde37cef5af015106",
    "xmsaux/scripts/gen-dex.gradle": "ce3bb9f5d56b1a39b05095f5ecc66450cc2f8cc253aba9d965b1f3d55d815ade",
    "xmsaux/src/main/AndroidManifest.xml": "569f00b73fb454142e8bb70aeedf93342f16306a15a13821d59751b9be707186",
    "xmsaux/src/main/java/org/xms/adapter/utils/ClassloaderHooker.java": "3313c01c9638ef00fb9e030d3feb0cf8f313efe017ad0f78f4765d2add17e292",
    "xmsaux/src/main/java/org/xms/adapter/utils/ClassloaderHookerFactory.java": "cfd669fcbff8c0a15ac06de5ef1db89da50e154a91a8ea66a233bcd40fe1f563",
    "xmsaux/src/main/java/org/xms/adapter/utils/FileUtils.java": "87635dbb2960a2831f1ea6395880227d44e5aebf2f5137a4e69476acf2278aac",
    "xmsaux/src/main/java/org/xms/adapter/utils/ReflectionUtils.java": "82990d34f4fc989e80e8a0165eff6b3a99385d83fc3bc4a0e777a3db3e5f6621",
    "xmsaux/src/main/java/org/xms/adapter/utils/XClassLoader.java": "f8f60c79c5428917f9376be1316f41c2b01d4d34ecf3f71ab6d50cbe05064c2d",
    "xmsaux/src/main/java/org/xms/adapter/utils/XLoader.java": "8445c51a1a85ebbd6bb7685ee27914949061d3b6d67e09faa032e925ab997969",
    "xmsaux/xapi/build.gradle": "e62ff64fbf6bbcbe71f022a8b08da172670c9225807b6521589496054a0787fd",
    "xmsaux/xapi/src/main/AndroidManifest.xml": "f95574420ceef31745f27168798eae8ce18ebe969a713fca180f82554686ac5b",
    "xmsaux/xapi/src/main/java/org/xms/g/maps/MapFragment.java": "07abb3098d01834df7b130c0627b10ea2470d9630594e886564c0ed1df34474a",
    "xmsaux/xapi/src/main/java/org/xms/g/maps/StreetViewPanoramaFragment.java": "0954cbe6ff4f34e1ede537f210e1b7bb4dfd037b21011e61b9b378c438b01ca8",
    "xmsaux/xapi/src/main/java/org/xms/g/maps/SupportMapFragment.java": "06fe534c4d09265e133ea80ada3b0671d6c7f626ea24b61be279b2afae14aa40",
    "xmsaux/xapi/src/main/java/org/xms/g/maps/SupportStreetViewPanoramaFragment.java": "dd2d082214f6fd912e34b9e94675045ef934616d09afc37814426f8eb88dbac1",
    "xmsaux/xg/build.gradle": "b5b2ff282035425f19b6244305cb08e4b7810e111bc10c9d4f8062f2f3de1e31",
    "xmsaux/xg/src/main/AndroidManifest.xml": "92ac79b7fc9f9061a45b2a02aedf9e3da4de846a863d1e8508e9248e6107c511",
    "xmsaux/xg/src/main/java/org/xms/g/maps/MapFragment.java": "806d72c101ce332421fd89178f50eec5a2b8441b7ca30fff5369d07d4c0b41c6",
    "xmsaux/xg/src/main/java/org/xms/g/maps/StreetViewPanoramaFragment.java": "71036083782a492c4546f3988934d12c6c3b6cd9d12d875427f138000c406c69",
    "xmsaux/xg/src/main/java/org/xms/g/maps/SupportMapFragment.java": "eddbbc5072d213384e6e7c45302aea56f3fabed91aec61ebce41e6d949ac04f8",
    "xmsaux/xg/src/main/java/org/xms/g/maps/SupportStreetViewPanoramaFragment.java": "391a5c4b82d5aa198b5124e28c3f3d27238bd0e46158d6fa3e570cd09653a330",
    "xmsaux/xh/build.gradle": "b992df4cabc3ed919b7d0a9050d1e206349b7bfa9ed2c688a4bcae99288a123e",
    "xmsaux/xh/src/main/AndroidManifest.xml": "b7193f1effd79021b89ca5e5d0bee5072583086636e0e12857fa9aa5cf847864",
    "xmsaux/xh/src/main/java/org/xms/g/maps/MapFragment.java": "96919216669b7197bd979acab261bc41fc0912bd5dc4f4796c43c0c20e329050",
    "xmsaux/xh/src/main/java/org/xms/g/maps/StreetViewPanoramaFragment.java": "ea0eeb24ef14d6c84db7e37379bc321ca66211dfbe64bab97eddf60528aa8269",
    "xmsaux/xh/src/main/java/org/xms/g/maps/SupportMapFragment.java": "b43f71fa63193e2136e6fc1ab705e1e918e7a526f40b4ccc3e4f3565a6e833ee",
    "xmsaux/xh/src/main/java/org/xms/g/maps/SupportStreetViewPanoramaFragment.java": "717c1e61c4fc25e3c5058ad6fca67034f7ebe9443db209c3761d40fd6a3e5679"
  }
}